Workbook
Name categories: [1]Settings!$I$7:$I$15
Name catSymbols: [1]Settings!$J$7:$J$15
Name Slicer_Department: #N/A
Name Slicer_Department1: #N/A
Name Slicer_Department2: #N/A
Name Slicer_Location: #N/A
Name Slicer_Location1: #N/A
Name Slicer_Location2: #N/A

Sheet FResult Record
C3: 2023 | J3: 2024 | Q3: 2025
C4: Performance | E4: Poor | F4: Average | G4: High | J4: Performance | L4: Poor | M4: Average | N4: High | Q4: Performance | S4: Poor | T4: Average | U4: High
C5: Potin | D5: High | E5: =COUNTIF(Table6[Gird Zone],"3A") -> 3 | F5: =COUNTIF(Table6[Gird Zone],"3B") -> 3 | G5: =COUNTIF(Table6[Gird Zone],"3C") -> 23 | J5: Potin | K5: High | L5: =COUNTIF(Table7[Grid Zone],"3A") -> 0 | M5: =COUNTIF(Table7[Grid Zone],"3B") -> 1 | N5: =COUNTIF(Table7[Grid Zone],"3C") -> 36 | Q5: Potin | R5: High | S5: =COUNTIF(Table8[[Grid Zone ]],"3A") -> 0 | T5: =COUNTIF(Table8[[Grid Zone ]],"3B") -> 3 | U5: =COUNTIF(Table8[[Grid Zone ]],"3C") -> 56
D6: Medium | E6: =COUNTIF(Table6[Gird Zone],"2A") -> 30 | F6: =COUNTIF(Table6[Gird Zone],"2B") -> 52 | G6: =COUNTIF(Table6[Gird Zone],"2C") -> 5 | K6: Medium | L6: =COUNTIF(Table7[Grid Zone],"2A") -> 16 | M6: =COUNTIF(Table7[Grid Zone],"2B") -> 84 | N6: =COUNTIF(Table7[Grid Zone],"2C") -> 2 | R6: Medium | S6: =COUNTIF(Table8[[Grid Zone ]],"2A") -> 21 | T6: =COUNTIF(Table8[[Grid Zone ]],"2B") -> 97 | U6: =COUNTIF(Table8[[Grid Zone ]],"2C") -> 11
D7: Low | E7: =COUNTIF(Table6[Gird Zone],"1A") -> 2 | F7: =COUNTIF(Table6[Gird Zone],"1B") -> 0 | G7: =COUNTIF(Table6[Gird Zone],"1C") -> 0 | K7: Low | L7: =COUNTIF(Table7[Grid Zone],"1A") -> 3 | M7: =COUNTIF(Table7[Grid Zone],"1B") -> 0 | N7: =COUNTIF(Table7[Grid Zone],"1C") -> 0 | R7: Low | S7: =COUNTIF(Table8[[Grid Zone ]],"1A") -> 1 | T7: =COUNTIF(Table8[[Grid Zone ]],"1B") -> 0 | U7: =COUNTIF(Table8[[Grid Zone ]],"1C") -> 0

Sheet Overall Evaluation
E3: Exceptional | F3: 4.6 - 5 | G3: Weighted Score | H3: Performance Zone | J3: Performance Zone
E4: exeed expectation | F4: 3.6 - 4.5 | G4: أقل من 3.0 | H4: Poor | J4: Poor | M4: 1-3.4
E5: Meet | F5: 3 - 3.5 | G5: 3.0 إلى أقل من 3.8 | H5: Average | J5: Average | M5: 3.5-4. | P5: من 0 الى 3.4
E6: below | F6: 2 - 2.9 | G6: 3.8 فأكثر | H6: High | J6: High
E7: Need | F7: 0-1.99
A9: Employee Performance Evaluation
H10: Performance
A11: Num | B11: EMP ID | C11: Name | D11: Joining date | E11: Employee Location | F11: Position | G11: Depatrment | H11: OBJ 2023 | I11: Comp 23 | J11: overall 23 | K11: OBJ 2024 | L11: Comp 24 | M11: overall 24 | N11: OBJ 2025 | O11: Comp 25 | P11: overall 25 | Q11: Performance Average | R11: Perforamnce ZONE 25 | S11: Grid Location | T11: overall 23 | U11: Grid Location 23 | V11: overall 24 | W11: Grid Location 24
A12: 1 | B12: 31260 | C12: ='[2]Evalution 25'!B2 -> Abdulaziz Abdullah Abdulaziz Al Zehairi | D12: 44559 | E12: ='[2]Evalution 25'!C2 -> Riyadh | F12: ='[2]Evalution 25'!E2 -> Runner Driver | G12: ='[2]Evalution 25'!D2 -> Admin | H12: ='[2]Evalutaion 23'!G2 -> 5 | I12: ='[2]Evalutaion 23'!H2 -> 5 | J12: =IF(COUNT(H12:I12)>0,AVERAGEIF(H12:I12,">=0"), IF(AND(ISNUMBER(D12),D12<=DATE(2023,12,31)),"NR","NA")) -> 5 | K12: ='[2]Evalutaion 24'!G2 -> 5 | L12: ='[2]Evalutaion 24'!H2 -> 5 | M12: =IF(COUNT(K12:L12)>0,AVERAGEIF(K12:L12,">=0"), IF(AND(ISNUMBER(D12),D12<=DATE(2024,12,31)),"NR","NA")) -> 5 | N12: ='[2]Evalution 25'!G2 -> 3 | O12: ='[2]Evalution 25'!H2 -> 4 | P12: =IF(COUNT(N12:O12)>0,AVERAGEIF(N12:O12,">=0"), IF(AND(ISNUMBER(D12),D12<=DATE(2025,12,31)),"NR","NA")) -> 3.5 | Q12: =AVERAGE(J12:P12) -> 4.3571429 | R12: =IF(P12="","", IF(OR(P12="NR",P12="NA"),"NA", IF(P12<3.4,"Poor", IF(P12<4.4,"Average","High") ))) -> Average | S12: =IFERROR( _xlfn.XLOOKUP(P12,[2]Result!$A$7:$A$15,[2]Result!$C$7:$C$15,"Out of range",-1),"N/A") -> 2C | T12: =IF($D12>DATE(2023,12,31),"NA",IF(J12="","NR",J12)) -> 5 | U12: {=IF(OR(J12="NA",J12="NR",ISBLANK(J12)),J12,IFERROR(INDEX([2]Result!$C$7:$C$15,MATCH(1,(J12>=[2]Result!$A$7:$A$15)*(J12<=[2]Result!$B$7:$B$15),0)), "NA"))} -> 3C | V12: =IF($D12>DATE(2024,12,31),"NA",IF(M12="","NR",M12)) -> 5 | W12: {=IF(OR(M12="NA",M12="NR",ISBLANK(M12)),M12,IFERROR(INDEX([2]Result!$C$7:$C$15,MATCH(1,(M12>=[2]Result!$A$7:$A$15)*(M12<=[2]Result!$B$7:$B$15),0)), "NA"))} -> 3C
A13: 2 | B13: 50169 | C13: ='[2]Evalution 25'!B3 -> Abdulaziz Obaid Meshan Alharbi | D13: 45698 | E13: ='[2]Evalution 25'!C3 -> Riyadh | F13: ='[2]Evalution 25'!E3 -> HR Executive | G13: ='[2]Evalution 25'!D3 -> HR | H13: - | I13: - | J13: =IF(COUNT(H13:I13)>0,AVERAGEIF(H13:I13,">=0"), IF(AND(ISNUMBER(D13),D13<=DATE(2023,12,31)),"NR","NA")) -> NA | K13: - | L13: - | M13: =IF(COUNT(K13:L13)>0,AVERAGEIF(K13:L13,">=0"), IF(AND(ISNUMBER(D13),D13<=DATE(2024,12,31)),"NR","NA")) -> NA | N13: ='[2]Evalution 25'!G3 -> 3.4 | O13: ='[2]Evalution 25'!H3 -> 3.3 | P13: =IF(COUNT(N13:O13)>0,AVERAGEIF(N13:O13,">=0"), IF(AND(ISNUMBER(D13),D13<=DATE(2025,12,31)),"NR","NA")) -> 3.35 | Q13: =AVERAGE(J13,M13,P13,) -> 1.675 | R13: =IF(P13="","", IF(OR(P13="NR",P13="NA"),"NA", IF(P13<3,"Poor", IF(P13<3.8,"Average","High") ))) -> Average | S13: =IFERROR( _xlfn.XLOOKUP(Q13,[2]Result!$A$7:$A$15,[2]Result!$C$7:$C$15,"Out of range",-1),"N/A") -> 1C | T13: =IF($D13>DATE(2023,12,31),"NA",IF(J13="","NR",J13)) -> NA | U13: {=IF(OR(J13="NA",J13="NR",ISBLANK(J13)),J13,IFERROR(INDEX([2]Result!$C$7:$C$15,MATCH(1,(J13>=[2]Result!$A$7:$A$15)*(J13<=[2]Result!$B$7:$B$15),0)), "NA"))} -> NA | V13: =IF($D13>DATE(2024,12,31),"NA",IF(M13="","NR",M13)) -> NA | W13: {=IF(OR(M13="NA",M13="NR",ISBLANK(M13)),M13,IFERROR(INDEX([2]Result!$C$7:$C$15,MATCH(1,(M13>=[2]Result!$A$7:$A$15)*(M13<=[2]Result!$B$7:$B$15),0)), "NA"))} -> NA
A14: 3 | B14: 4756 | C14: ='[2]Evalution 25'!B4 -> Abdulkader Abbasbhai Sukhsarwala | D14: 43625 | E14: ='[2]Evalution 25'!C4 -> Dubai | F14: ='[2]Evalution 25'!E4 -> Senior Digital Yield Analyst | G14: ='[2]Evalution 25'!D4 -> Client Growth | H14: ='[2]Evalutaion 23'!G3 -> 3.9 | I14: ='[2]Evalutaion 23'!H3 -> 3.8 | J14: =IF(COUNT(H14:I14)>0,AVERAGEIF(H14:I14,">=0"), IF(AND(ISNUMBER(D14),D14<=DATE(2023,12,31)),"NR","NA")) -> 3.85 | K14: ='[2]Evalutaion 24'!G3 -> 4.4 | L14: ='[2]Evalutaion 24'!H3 -> 3.8 | M14: =IF(COUNT(K14:L14)>0,AVERAGEIF(K14:L14,">=0"), IF(AND(ISNUMBER(D14),D14<=DATE(2024,12,31)),"NR","NA")) -> 4.1 | N14: ='[2]Evalution 25'!G4 -> 4.6 | O14: ='[2]Evalution 25'!H4 -> 4.8 | P14: =IF(COUNT(N14:O14)>0,AVERAGEIF(N14:O14,">=0"), IF(AND(ISNUMBER(D14),D14<=DATE(2025,12,31)),"NR","NA")) -> 4.7 | Q14: =AVERAGE(J14,M14,P14,) -> 3.1625 | R14: =IF(P14="","", IF(OR(P14="NR",P14="NA"),"NA", IF(P14<3,"Poor", IF(P14<3.8,"Average","High") ))) -> High | S14: =IFERROR( _xlfn.XLOOKUP(Q14,[2]Result!$A$7:$A$15,[2]Result!$C$7:$C$15,"Out of range",-1),"N/A") -> 2C | T14: =IF($D14>DATE(2023,12,31),"NA",IF(J14="","NR",J14)) -> 3.85 | U14: {=IF(OR(J14="NA",J14="NR",ISBLANK(J14)),J14,IFERROR(INDEX([2]Result!$C$7:$C$15,MATCH(1,(J14>=[2]Result!$A$7:$A$15)*(J14<=[2]Result!$B$7:$B$15),0)), "NA"))} -> 3A | V14: =IF($D14>DATE(2024,12,31),"NA",IF(M14="","NR",M14)) -> 4.1 | W14: {=IF(OR(M14="NA",M14="NR",ISBLANK(M14)),M14,IFERROR(INDEX([2]Result!$C$7:$C$15,MATCH(1,(M14>=[2]Result!$A$7:$A$15)*(M14<=[2]Result!$B$7:$B$15),0)), "NA"))} -> 3B
A15: 4 | B15: 50496 | C15: ='[2]Evalution 25'!B5 -> George George | D15: 45788 | E15: ='[2]Evalution 25'!C5 -> Dubai | F15: ='[2]Evalution 25'!E5 -> Financial Controller-MMS | G15: ='[2]Evalution 25'!D5 -> Finance | H15: - | I15: - | J15: =IF(COUNT(H15:I15)>0,AVERAGEIF(H15:I15,">=0"), IF(AND(ISNUMBER(D15),D15<=DATE(2023,12,31)),"NR","NA")) -> NA | K15: - | L15: - | M15: =IF(COUNT(K15:L15)>0,AVERAGEIF(K15:L15,">=0"), IF(AND(ISNUMBER(D15),D15<=DATE(2024,12,31)),"NR","NA")) -> NA | N15: ='[2]Evalution 25'!G5 -> 4.8 | O15: ='[2]Evalution 25'!H5 -> 4.8 | P15: =IF(COUNT(N15:O15)>0,AVERAGEIF(N15:O15,">=0"), IF(AND(ISNUMBER(D15),D15<=DATE(2025,12,31)),"NR","NA")) -> 4.8 | Q15: =AVERAGE(J15,M15,P15,) -> 2.4 | R15: =IF(P15="","", IF(OR(P15="NR",P15="NA"),"NA", IF(P15<3,"Poor", IF(P15<3.8,"Average","High") ))) -> High | S15: =IFERROR( _xlfn.XLOOKUP(Q15,[2]Result!$A$7:$A$15,[2]Result!$C$7:$C$15,"Out of range",-1),"N/A") -> 2A | T15: =IF($D15>DATE(2023,12,31),"NA",IF(J15="","NR",J15)) -> NA | U15: {=IF(OR(J15="NA",J15="NR",ISBLANK(J15)),J15,IFERROR(INDEX([2]Result!$C$7:$C$15,MATCH(1,(J15>=[2]Result!$A$7:$A$15)*(J15<=[2]Result!$B$7:$B$15),0)), "NA"))} -> NA | V15: =IF($D15>DATE(2024,12,31),"NA",IF(M15="","NR",M15)) -> NA | W15: {=IF(OR(M15="NA",M15="NR",ISBLANK(M15)),M15,IFERROR(INDEX([2]Result!$C$7:$C$15,MATCH(1,(M15>=[2]Result!$A$7:$A$15)*(M15<=[2]Result!$B$7:$B$15),0)), "NA"))} -> NA
A16: 5 | B16: 48121 | C16: ='[2]Evalution 25'!B6 -> Abdullah Mohammed Abutaleb | D16: 45194 | E16: ='[2]Evalution 25'!C6 -> Riyadh | F16: ='[2]Evalution 25'!E6 -> Marketing Manager | G16: ='[2]Evalution 25'!D6 -> Marketing | H16: ='[2]Evalutaion 23'!G4 -> 3 | I16: ='[2]Evalutaion 23'!H4 -> 3.7 | J16: =IF(COUNT(H16:I16)>0,AVERAGEIF(H16:I16,">=0"), IF(AND(ISNUMBER(D16),D16<=DATE(2023,12,31)),"NR","NA")) -> 3.35 | K16: ='[2]Evalutaion 24'!G4 -> 3.3 | L16: ='[2]Evalutaion 24'!H4 -> 3.8 | M16: =IF(COUNT(K16:L16)>0,AVERAGEIF(K16:L16,">=0"), IF(AND(ISNUMBER(D16),D16<=DATE(2024,12,31)),"NR","NA")) -> 3.55 | N16: ='[2]Evalution 25'!G6 -> 4.2 | O16: ='[2]Evalution 25'!H6 -> 4.2 | P16: =IF(COUNT(N16:O16)>0,AVERAGEIF(N16:O16,">=0"), IF(AND(ISNUMBER(D16),D16<=DATE(2025,12,31)),"NR","NA")) -> 4.2 | Q16: =AVERAGE(J16,M16,P16,) -> 2.775 | R16: =IF(P16="","", IF(OR(P16="NR",P16="NA"),"NA", IF(P16<3,"Poor", IF(P16<3.8,"Average","High") ))) -> High | S16: =IFERROR( _xlfn.XLOOKUP(Q16,[2]Result!$A$7:$A$15,[2]Result!$C$7:$C$15,"Out of range",-1),"N/A") -> 2B | T16: =IF($D16>DATE(2023,12,31),"NA",IF(J16="","NR",J16)) -> 3.35 | U16: {=IF(OR(J16="NA",J16="NR",ISBLANK(J16)),J16,IFERROR(INDEX([2]Result!$C$7:$C$15,MATCH(1,(J16>=[2]Result!$A$7:$A$15)*(J16<=[2]Result!$B$7:$B$15),0)), "NA"))} -> 2C | V16: =IF($D16>DATE(2024,12,31),"NA",IF(M16="","NR",M16)) -> 3.55 | W16: {=IF(OR(M16="NA",M16="NR",ISBLANK(M16)),M16,IFERROR(INDEX([2]Result!$C$7:$C$15,MATCH(1,(M16>=[2]Result!$A$7:$A$15)*(M16<=[2]Result!$B$7:$B$15),0)), "NA"))} -> NA
A17: 6 | B17: 10848 | C17: ='[2]Evalution 25'!B7 -> Abir Kharsa | D17: 44332 | E17: ='[2]Evalution 25'!C7 -> Dubai | F17: ='[2]Evalution 25'!E7 -> Senior Traffic Executive | G17: ='[2]Evalution 25'!D7 -> Traffic | H17: ='[2]Evalutaion 23'!G5 -> 4.6 | I17: ='[2]Evalutaion 23'!H5 -> 5 | J17: =IF(COUNT(H17:I17)>0,AVERAGEIF(H17:I17,">=0"), IF(AND(ISNUMBER(D17),D17<=DATE(2023,12,31)),"NR","NA")) -> 4.8 | K17: ='[2]Evalutaion 24'!G5 -> 4.8 | L17: ='[2]Evalutaion 24'!H5 -> 4.7 | M17: =IF(COUNT(K17:L17)>0,AVERAGEIF(K17:L17,">=0"), IF(AND(ISNUMBER(D17),D17<=DATE(2024,12,31)),"NR","NA")) -> 4.75 | N17: ='[2]Evalution 25'!G7 -> 5 | O17: ='[2]Evalution 25'!H7 -> 5 | P17: =IF(COUNT(N17:O17)>0,AVERAGEIF(N17:O17,">=0"), IF(AND(ISNUMBER(D17),D17<=DATE(2025,12,31)),"NR","NA")) -> 5 | Q17: =AVERAGE(J17,M17,P17,) -> 3.6375 | R17: =IF(P17="","", IF(OR(P17="NR",P17="NA"),"NA", IF(P17<3,"Poor", IF(P17<3.8,"Average","High") ))) -> High | S17: =IFERROR( _xlfn.XLOOKUP(Q17,[2]Result!$A$7:$A$15,[2]Result!$C$7:$C$15,"Out of range",-1),"N/A") -> 3A | T17: =IF($D17>DATE(2023,12,31),"NA",IF(J17="","NR",J17)) -> 4.8 | U17: {=IF(OR(J17="NA",J17="NR",ISBLANK(J17)),J17,IFERROR(INDEX([2]Result!$C$7:$C$15,MATCH(1,(J17>=[2]Result!$A$7:$A$15)*(J17<=[2]Result!$B$7:$B$15),0)), "NA"))} -> 3C | V17: =IF($D17>DATE(2024,12,31),"NA",IF(M17="","NR",M17)) -> 4.75 | W17: {=IF(OR(M17="NA",M17="NR",ISBLANK(M17)),M17,IFERROR(INDEX([2]Result!$C$7:$C$15,MATCH(1,(M17>=[2]Result!$A$7:$A$15)*(M17<=[2]Result!$B$7:$B$15),0)), "NA"))} -> 3C
A18: 7 | B18: 6557 | C18: ='[2]Evalution 25'!B8 -> Adel Mohamed Adeeb Abou Elnasr Mohamed | D18: 44228 | E18: ='[2]Evalution 25'!C8 -> Cairo | F18: ='[2]Evalution 25'!E8 -> Client Service Senior Supervisor | G18: ='[2]Evalution 25'!D8 -> Agency Partnerships | H18: ='[2]Evalutaion 23'!G6 -> 4.3 | I18: ='[2]Evalutaion 23'!H6 -> 4.3 | J18: =IF(COUNT(H18:I18)>0,AVERAGEIF(H18:I18,">=0"), IF(AND(ISNUMBER(D18),D18<=DATE(2023,12,31)),"NR","NA")) -> 4.3 | K18: ='[2]Evalutaion 24'!G6 -> 4 | L18: ='[2]Evalutaion 24'!H6 -> 4.3 | M18: =IF(COUNT(K18:L18)>0,AVERAGEIF(K18:L18,">=0"), IF(AND(ISNUMBER(D18),D18<=DATE(2024,12,31)),"NR","NA")) -> 4.15 | N18: ='[2]Evalution 25'!G8 -> 4 | O18: ='[2]Evalution 25'!H8 -> 3.8 | P18: =IF(COUNT(N18:O18)>0,AVERAGEIF(N18:O18,">=0"), IF(AND(ISNUMBER(D18),D18<=DATE(2025,12,31)),"NR","NA")) -> 3.9 | Q18: =AVERAGE(J18,M18,P18,) -> 3.0875 | R18: =IF(P18="","", IF(OR(P18="NR",P18="NA"),"NA", IF(P18<3,"Poor", IF(P18<3.8,"Average","High") ))) -> High | S18: =IFERROR( _xlfn.XLOOKUP(Q18,[2]Result!$A$7:$A$15,[2]Result!$C$7:$C$15,"Out of range",-1),"N/A") -> 2B | T18: =IF($D18>DATE(2023,12,31),"NA",IF(J18="","NR",J18)) -> 4.3 | U18: {=IF(OR(J18="NA",J18="NR",ISBLANK(J18)),J18,IFERROR(INDEX([2]Result!$C$7:$C$15,MATCH(1,(J18>=[2]Result!$A$7:$A$15)*(J18<=[2]Result!$B$7:$B$15),0)), "NA"))} -> 3B | V18: =IF($D18>DATE(2024,12,31),"NA",IF(M18="","NR",M18)) -> 4.15 | W18: {=IF(OR(M18="NA",M18="NR",ISBLANK(M18)),M18,IFERROR(INDEX([2]Result!$C$7:$C$15,MATCH(1,(M18>=[2]Result!$A$7:$A$15)*(M18<=[2]Result!$B$7:$B$15),0)), "NA"))} -> 3B
A19: 8 | B19: 4984 | C19: ='[2]Evalution 25'!B9 -> Adriana Nicolas Khater Verdin | D19: 43835 | E19: ='[2]Evalution 25'!C9 -> Dubai | F19: ='[2]Evalution 25'!E9 -> Content Solutions Senior Executive | G19: ='[2]Evalution 25'!D9 -> Content Solutions | H19: ='[2]Evalutaion 23'!G7 -> 4 | I19: ='[2]Evalutaion 23'!H7 -> 3.7 | J19: =IF(COUNT(H19:I19)>0,AVERAGEIF(H19:I19,">=0"), IF(AND(ISNUMBER(D19),D19<=DATE(2023,12,31)),"NR","NA")) -> 3.85 | K19: ='[2]Evalutaion 24'!G7 -> 5 | L19: ='[2]Evalutaion 24'!H7 -> 5 | M19: =IF(COUNT(K19:L19)>0,AVERAGEIF(K19:L19,">=0"), IF(AND(ISNUMBER(D19),D19<=DATE(2024,12,31)),"NR","NA")) -> 5 | N19: ='[2]Evalution 25'!G9 -> 4 | O19: ='[2]Evalution 25'!H9 -> 4 | P19: =IF(COUNT(N19:O19)>0,AVERAGEIF(N19:O19,">=0"), IF(AND(ISNUMBER(D19),D19<=DATE(2025,12,31)),"NR","NA")) -> 4 | Q19: =AVERAGE(J19,M19,P19,) -> 3.2125 | R19: =IF(P19="","", IF(OR(P19="NR",P19="NA"),"NA", IF(P19<3,"Poor", IF(P19<3.8,"Average","High") ))) -> High | S19: =IFERROR( _xlfn.XLOOKUP(Q19,[2]Result!$A$7:$A$15,[2]Result!$C$7:$C$15,"Out of range",-1),"N/A") -> 2C | T19: =IF($D19>DATE(2023,12,31),"NA",IF(J19="","NR",J19)) -> 3.85 | U19: {=IF(OR(J19="NA",J19="NR",ISBLANK(J19)),J19,IFERROR(INDEX([2]Result!$C$7:$C$15,MATCH(1,(J19>=[2]Result!$A$7:$A$15)*(J19<=[2]Result!$B$7:$B$15),0)), "NA"))} -> 3A | V19: =IF($D19>DATE(2024,12,31),"NA",IF(M19="","NR",M19)) -> 5 | W19: {=IF(OR(M19="NA",M19="NR",ISBLANK(M19)),M19,IFERROR(INDEX([2]Result!$C$7:$C$15,MATCH(1,(M19>=[2]Result!$A$7:$A$15)*(M19<=[2]Result!$B$7:$B$15),0)), "NA"))} -> 3C
A20: 9 | B20: 10115 | C20: ='[2]Evalution 25'!B10 -> Ahmed M M Omran | D20: 44119 | E20: ='[2]Evalution 25'!C10 -> Dubai | F20: ='[2]Evalution 25'!E10 -> Senior Traffic Manager | G20: ='[2]Evalution 25'!D10 -> Traffic | H20: ='[2]Evalutaion 23'!G8 -> 0 | I20: ='[2]Evalutaion 23'!H8 -> 3.8 | J20: =IF(COUNT(H20:I20)>0,AVERAGEIF(H20:I20,">=0"), IF(AND(ISNUMBER(D20),D20<=DATE(2023,12,31)),"NR","NA")) -> 1.9 | K20: ='[2]Evalutaion 24'!G8 -> 3.6 | L20: ='[2]Evalutaion 24'!H8 -> 4 | M20: =IF(COUNT(K20:L20)>0,AVERAGEIF(K20:L20,">=0"), IF(AND(ISNUMBER(D20),D20<=DATE(2024,12,31)),"NR","NA")) -> 3.8 | N20: ='[2]Evalution 25'!G10 -> 4.8 | O20: ='[2]Evalution 25'!H10 -> 4.7 | P20: =IF(COUNT(N20:O20)>0,AVERAGEIF(N20:O20,">=0"), IF(AND(ISNUMBER(D20),D20<=DATE(2025,12,31)),"NR","NA")) -> 4.75 | Q20: =AVERAGE(J20,M20,P20,) -> 2.6125 | R20: =IF(P20="","", IF(OR(P20="NR",P20="NA"),"NA", IF(P20<3,"Poor", IF(P20<3.8,"Average","High") ))) -> High | S20: =IFERROR( _xlfn.XLOOKUP(Q20,[2]Result!$A$7:$A$15,[2]Result!$C$7:$C$15,"Out of range",-1),"N/A") -> 2B | T20: =IF($D20>DATE(2023,12,31),"NA",IF(J20="","NR",J20)) -> 1.9 | U20: {=IF(OR(J20="NA",J20="NR",ISBLANK(J20)),J20,IFERROR(INDEX([2]Result!$C$7:$C$15,MATCH(1,(J20>=[2]Result!$A$7:$A$15)*(J20<=[2]Result!$B$7:$B$15),0)), "NA"))} -> 1C | V20: =IF($D20>DATE(2024,12,31),"NA",IF(M20="","NR",M20)) -> 3.8 | W20: {=IF(OR(M20="NA",M20="NR",ISBLANK(M20)),M20,IFERROR(INDEX([2]Result!$C$7:$C$15,MATCH(1,(M20>=[2]Result!$A$7:$A$15)*(M20<=[2]Result!$B$7:$B$15),0)), "NA"))} -> 3A
A21: 10 | B21: 48322 | C21: ='[2]Evalution 25'!B11 -> Ahmed abdelhady abdelhady mohamed Elshorbagy | D21: 45261 | E21: ='[2]Evalution 25'!C11 -> Cairo | F21: ='[2]Evalution 25'!E11 -> Sales Supervisor | G21: ='[2]Evalution 25'!D11 -> Agency Partnerships | H21: - | I21: - | J21: =IF(COUNT(H21:I21)>0,AVERAGEIF(H21:I21,">=0"), IF(AND(ISNUMBER(D21),D21<=DATE(2023,12,31)),"NR","NA")) -> NR | K21: ='[2]Evalutaion 24'!G9 -> 4 | L21: ='[2]Evalutaion 24'!H9 -> 3.7 | M21: =IF(COUNT(K21:L21)>0,AVERAGEIF(K21:L21,">=0"), IF(AND(ISNUMBER(D21),D21<=DATE(2024,12,31)),"NR","NA")) -> 3.85 | N21: ='[2]Evalution 25'!G11 -> 3.5 | O21: ='[2]Evalution 25'!H11 -> 4 | P21: =IF(COUNT(N21:O21)>0,AVERAGEIF(N21:O21,">=0"), IF(AND(ISNUMBER(D21),D21<=DATE(2025,12,31)),"NR","NA")) -> 3.75 | Q21: =AVERAGE(J21,M21,P21,) -> 2.5333333 | R21: =IF(P21="","", IF(OR(P21="NR",P21="NA"),"NA", IF(P21<3,"Poor", IF(P21<3.8,"Average","High") ))) -> Average | S21: =IFERROR( _xlfn.XLOOKUP(Q21,[2]Result!$A$7:$A$15,[2]Result!$C$7:$C$15,"Out of range",-1),"N/A") -> 2A | T21: =IF($D21>DATE(2023,12,31),"NA",IF(J21="","NR",J21)) -> NR | U21: {=IF(OR(J21="NA",J21="NR",ISBLANK(J21)),J21,IFERROR(INDEX([2]Result!$C$7:$C$15,MATCH(1,(J21>=[2]Result!$A$7:$A$15)*(J21<=[2]Result!$B$7:$B$15),0)), "NA"))} -> NR | V21: =IF($D21>DATE(2024,12,31),"NA",IF(M21="","NR",M21)) -> 3.85 | W21: {=IF(OR(M21="NA",M21="NR",ISBLANK(M21)),M21,IFERROR(INDEX([2]Result!$C$7:$C$15,MATCH(1,(M21>=[2]Result!$A$7:$A$15)*(M21<=[2]Result!$B$7:$B$15),0)), "NA"))} -> 3A
A22: 11 | B22: 6572 | C22: ='[2]Evalution 25'!B12 -> Jyoti Kanda | D22: 44293 | E22: ='[2]Evalution 25'!C12 -> Dubai | F22: ='[2]Evalution 25'!E12 -> Director of Commercial Finance | G22: ='[2]Evalution 25'!D12 -> Finance | H22: ='[2]Evalutaion 23'!G9 -> 3.5 | I22: ='[2]Evalutaion 23'!H9 -> 3.3 | J22: =IF(COUNT(H22:I22)>0,AVERAGEIF(H22:I22,">=0"), IF(AND(ISNUMBER(D22),D22<=DATE(2023,12,31)),"NR","NA")) -> 3.4 | K22: ='[2]Evalutaion 24'!G10 -> 3.5 | L22: ='[2]Evalutaion 24'!H10 -> 3.5 | M22: =IF(COUNT(K22:L22)>0,AVERAGEIF(K22:L22,">=0"), IF(AND(ISNUMBER(D22),D22<=DATE(2024,12,31)),"NR","NA")) -> 3.5 | N22: ='[2]Evalution 25'!G12 -> 4.7 | O22: ='[2]Evalution 25'!H12 -> 4.7 | P22: =IF(COUNT(N22:O22)>0,AVERAGEIF(N22:O22,">=0"), IF(AND(ISNUMBER(D22),D22<=DATE(2025,12,31)),"NR","NA")) -> 4.7 | Q22: =AVERAGE(J22,M22,P22,) -> 2.9 | R22: =IF(P22="","", IF(OR(P22="NR",P22="NA"),"NA", IF(P22<3,"Poor", IF(P22<3.8,"Average","High") ))) -> High | S22: =IFERROR( _xlfn.XLOOKUP(Q22,[2]Result!$A$7:$A$15,[2]Result!$C$7:$C$15,"Out of range",-1),"N/A") -> 2B | T22: =IF($D22>DATE(2023,12,31),"NA",IF(J22="","NR",J22)) -> 3.4 | U22: {=IF(OR(J22="NA",J22="NR",ISBLANK(J22)),J22,IFERROR(INDEX([2]Result!$C$7:$C$15,MATCH(1,(J22>=[2]Result!$A$7:$A$15)*(J22<=[2]Result!$B$7:$B$15),0)), "NA"))} -> 2C | V22: =IF($D22>DATE(2024,12,31),"NA",IF(M22="","NR",M22)) -> 3.5 | W22: {=IF(OR(M22="NA",M22="NR",ISBLANK(M22)),M22,IFERROR(INDEX([2]Result!$C$7:$C$15,MATCH(1,(M22>=[2]Result!$A$7:$A$15)*(M22<=[2]Result!$B$7:$B$15),0)), "NA"))} -> 2C
A23: 12 | B23: 6609 | C23: ='[2]Evalution 25'!B13 -> Ahmed Hamed Ibrahim kamel | D23: 44470 | E23: ='[2]Evalution 25'!C13 -> Cairo | F23: ='[2]Evalution 25'!E13 -> Sales Director | G23: ='[2]Evalution 25'!D13 -> Agency Partnerships | H23: ='[2]Evalutaion 23'!G10 -> 3.7 | I23: ='[2]Evalutaion 23'!H10 -> 3.8 | J23: =IF(COUNT(H23:I23)>0,AVERAGEIF(H23:I23,">=0"), IF(AND(ISNUMBER(D23),D23<=DATE(2023,12,31)),"NR","NA")) -> 3.75 | K23: ='[2]Evalutaion 24'!G11 -> 4.3 | L23: ='[2]Evalutaion 24'!H11 -> 3.7 | M23: =IF(COUNT(K23:L23)>0,AVERAGEIF(K23:L23,">=0"), IF(AND(ISNUMBER(D23),D23<=DATE(2024,12,31)),"NR","NA")) -> 4 | N23: ='[2]Evalution 25'!G13 -> 4.5 | O23: ='[2]Evalution 25'!H13 -> 3.7 | P23: =IF(COUNT(N23:O23)>0,AVERAGEIF(N23:O23,">=0"), IF(AND(ISNUMBER(D23),D23<=DATE(2025,12,31)),"NR","NA")) -> 4.1 | Q23: =AVERAGE(J23,M23,P23,) -> 2.9625 | R23: =IF(P23="","", IF(OR(P23="NR",P23="NA"),"NA", IF(P23<3,"Poor", IF(P23<3.8,"Average","High") ))) -> High | S23: =IFERROR( _xlfn.XLOOKUP(Q23,[2]Result!$A$7:$A$15,[2]Result!$C$7:$C$15,"Out of range",-1),"N/A") -> 2B | T23: =IF($D23>DATE(2023,12,31),"NA",IF(J23="","NR",J23)) -> 3.75 | U23: {=IF(OR(J23="NA",J23="NR",ISBLANK(J23)),J23,IFERROR(INDEX([2]Result!$C$7:$C$15,MATCH(1,(J23>=[2]Result!$A$7:$A$15)*(J23<=[2]Result!$B$7:$B$15),0)), "NA"))} -> 3A | V23: =IF($D23>DATE(2024,12,31),"NA",IF(M23="","NR",M23)) -> 4 | W23: {=IF(OR(M23="NA",M23="NR",ISBLANK(M23)),M23,IFERROR(INDEX([2]Result!$C$7:$C$15,MATCH(1,(M23>=[2]Result!$A$7:$A$15)*(M23<=[2]Result!$B$7:$B$15),0)), "NA"))} -> 3A
A24: 13 | B24: 50733 | C24: ='[2]Evalution 25'!B14 -> Minhal Ali | D24: 45866 | E24: ='[2]Evalution 25'!C14 -> Dubai | F24: ='[2]Evalution 25'!E14 -> Finance Supervisor-MMS | G24: ='[2]Evalution 25'!D14 -> Finance | H24: - | I24: - | J24: =IF(COUNT(H24:I24)>0,AVERAGEIF(H24:I24,">=0"), IF(AND(ISNUMBER(D24),D24<=DATE(2023,12,31)),"NR","NA")) -> NA | K24: - | L24: - | M24: =IF(COUNT(K24:L24)>0,AVERAGEIF(K24:L24,">=0"), IF(AND(ISNUMBER(D24),D24<=DATE(2024,12,31)),"NR","NA")) -> NA | N24: ='[2]Evalution 25'!G14 -> 4.4 | O24: ='[2]Evalution 25'!H14 -> 5 | P24: =IF(COUNT(N24:O24)>0,AVERAGEIF(N24:O24,">=0"), IF(AND(ISNUMBER(D24),D24<=DATE(2025,12,31)),"NR","NA")) -> 4.7 | Q24: =AVERAGE(J24,M24,P24,) -> 2.35 | R24: =IF(P24="","", IF(OR(P24="NR",P24="NA"),"NA", IF(P24<3,"Poor", IF(P24<3.8,"Average","High") ))) -> High | S24: =IFERROR( _xlfn.XLOOKUP(Q24,[2]Result!$A$7:$A$15,[2]Result!$C$7:$C$15,"Out of range",-1),"N/A") -> 2A | T24: =IF($D24>DATE(2023,12,31),"NA",IF(J24="","NR",J24)) -> NA | U24: {=IF(OR(J24="NA",J24="NR",ISBLANK(J24)),J24,IFERROR(INDEX([2]Result!$C$7:$C$15,MATCH(1,(J24>=[2]Result!$A$7:$A$15)*(J24<=[2]Result!$B$7:$B$15),0)), "NA"))} -> NA | V24: =IF($D24>DATE(2024,12,31),"NA",IF(M24="","NR",M24)) -> NA | W24: {=IF(OR(M24="NA",M24="NR",ISBLANK(M24)),M24,IFERROR(INDEX([2]Result!$C$7:$C$15,MATCH(1,(M24>=[2]Result!$A$7:$A$15)*(M24<=[2]Result!$B$7:$B$15),0)), "NA"))} -> NA
A25: 14 | B25: 10853 | C25: ='[2]Evalution 25'!B15 -> Salem Khader Masood | D25: 44381 | E25: ='[2]Evalution 25'!C15 -> Dubai | F25: ='[2]Evalution 25'!E15 -> Senior Finance Manager-MMS | G25: ='[2]Evalution 25'!D15 -> Finance | H25: ='[2]Evalutaion 23'!G11 -> 3.5 | I25: ='[2]Evalutaion 23'!H11 -> 3 | J25: =IF(COUNT(H25:I25)>0,AVERAGEIF(H25:I25,">=0"), IF(AND(ISNUMBER(D25),D25<=DATE(2023,12,31)),"NR","NA")) -> 3.25 | K25: ='[2]Evalutaion 24'!G12 -> 4 | L25: ='[2]Evalutaion 24'!H12 -> 4 | M25: =IF(COUNT(K25:L25)>0,AVERAGEIF(K25:L25,">=0"), IF(AND(ISNUMBER(D25),D25<=DATE(2024,12,31)),"NR","NA")) -> 4 | N25: ='[2]Evalution 25'!G15 -> 4.6 | O25: ='[2]Evalution 25'!H15 -> 4.8 | P25: =IF(COUNT(N25:O25)>0,AVERAGEIF(N25:O25,">=0"), IF(AND(ISNUMBER(D25),D25<=DATE(2025,12,31)),"NR","NA")) -> 4.7 | Q25: =AVERAGE(J25,M25,P25,) -> 2.9875 | R25: =IF(P25="","", IF(OR(P25="NR",P25="NA"),"NA", IF(P25<3,"Poor", IF(P25<3.8,"Average","High") ))) -> High | S25: =IFERROR( _xlfn.XLOOKUP(Q25,[2]Result!$A$7:$A$15,[2]Result!$C$7:$C$15,"Out of range",-1),"N/A") -> 2B | T25: =IF($D25>DATE(2023,12,31),"NA",IF(J25="","NR",J25)) -> 3.25 | U25: {=IF(OR(J25="NA",J25="NR",ISBLANK(J25)),J25,IFERROR(INDEX([2]Result!$C$7:$C$15,MATCH(1,(J25>=[2]Result!$A$7:$A$15)*(J25<=[2]Result!$B$7:$B$15),0)), "NA"))} -> 2C | V25: =IF($D25>DATE(2024,12,31),"NA",IF(M25="","NR",M25)) -> 4 | W25: {=IF(OR(M25="NA",M25="NR",ISBLANK(M25)),M25,IFERROR(INDEX([2]Result!$C$7:$C$15,MATCH(1,(M25>=[2]Result!$A$7:$A$15)*(M25<=[2]Result!$B$7:$B$15),0)), "NA"))} -> 3A
A26: 15 | B26: 49223 | C26: ='[2]Evalution 25'!B16 -> Ahmed Mohammed Eldabbagh | D26: 45417 | E26: ='[2]Evalution 25'!C16 -> Riyadh | F26: ='[2]Evalution 25'!E16 -> Integrated Planning Senior Executive | G26: ='[2]Evalution 25'!D16 -> Research | H26: - | I26: - | J26: =IF(COUNT(H26:I26)>0,AVERAGEIF(H26:I26,">=0"), IF(AND(ISNUMBER(D26),D26<=DATE(2023,12,31)),"NR","NA")) -> NA | K26: ='[2]Evalutaion 24'!G13 -> 4.5 | L26: ='[2]Evalutaion 24'!H13 -> 4 | M26: =IF(COUNT(K26:L26)>0,AVERAGEIF(K26:L26,">=0"), IF(AND(ISNUMBER(D26),D26<=DATE(2024,12,31)),"NR","NA")) -> 4.25 | N26: ='[2]Evalution 25'!G16 -> 4 | O26: ='[2]Evalution 25'!H16 -> 4 | P26: =IF(COUNT(N26:O26)>0,AVERAGEIF(N26:O26,">=0"), IF(AND(ISNUMBER(D26),D26<=DATE(2025,12,31)),"NR","NA")) -> 4 | Q26: =AVERAGE(J26,M26,P26,) -> 2.75 | R26: =IF(P26="","", IF(OR(P26="NR",P26="NA"),"NA", IF(P26<3,"Poor", IF(P26<3.8,"Average","High") ))) -> High | S26: =IFERROR( _xlfn.XLOOKUP(Q26,[2]Result!$A$7:$A$15,[2]Result!$C$7:$C$15,"Out of range",-1),"N/A") -> 2B | T26: =IF($D26>DATE(2023,12,31),"NA",IF(J26="","NR",J26)) -> NA | U26: {=IF(OR(J26="NA",J26="NR",ISBLANK(J26)),J26,IFERROR(INDEX([2]Result!$C$7:$C$15,MATCH(1,(J26>=[2]Result!$A$7:$A$15)*(J26<=[2]Result!$B$7:$B$15),0)), "NA"))} -> NA | V26: =IF($D26>DATE(2024,12,31),"NA",IF(M26="","NR",M26)) -> 4.25 | W26: {=IF(OR(M26="NA",M26="NR",ISBLANK(M26)),M26,IFERROR(INDEX([2]Result!$C$7:$C$15,MATCH(1,(M26>=[2]Result!$A$7:$A$15)*(M26<=[2]Result!$B$7:$B$15),0)), "NA"))} -> 3B
A27: 16 | B27: 6570 | C27: ='[2]Evalution 25'!B17 -> Ahmed Mostafa Ghonemy Mostafa | D27: 44290 | E27: ='[2]Evalution 25'!C17 -> Cairo | F27: ='[2]Evalution 25'!E17 -> Traffic Supervisor | G27: ='[2]Evalution 25'!D17 -> Traffic | H27: ='[2]Evalutaion 23'!G12 -> 4 | I27: ='[2]Evalutaion 23'!H12 -> 3.7 | J27: =IF(COUNT(H27:I27)>0,AVERAGEIF(H27:I27,">=0"), IF(AND(ISNUMBER(D27),D27<=DATE(2023,12,31)),"NR","NA")) -> 3.85 | K27: ='[2]Evalutaion 24'!G14 -> 3.7 | L27: ='[2]Evalutaion 24'!H14 -> 3.8 | M27: =IF(COUNT(K27:L27)>0,AVERAGEIF(K27:L27,">=0"), IF(AND(ISNUMBER(D27),D27<=DATE(2024,12,31)),"NR","NA")) -> 3.75 | N27: ='[2]Evalution 25'!G17 -> 3.8 | O27: ='[2]Evalution 25'!H17 -> 4 | P27: =IF(COUNT(N27:O27)>0,AVERAGEIF(N27:O27,">=0"), IF(AND(ISNUMBER(D27),D27<=DATE(2025,12,31)),"NR","NA")) -> 3.9 | Q27: =AVERAGE(J27,M27,P27,) -> 2.875 | R27: =IF(P27="","", IF(OR(P27="NR",P27="NA"),"NA", IF(P27<3,"Poor", IF(P27<3.8,"Average","High") ))) -> High | S27: =IFERROR( _xlfn.XLOOKUP(Q27,[2]Result!$A$7:$A$15,[2]Result!$C$7:$C$15,"Out of range",-1),"N/A") -> 2B | T27: =IF($D27>DATE(2023,12,31),"NA",IF(J27="","NR",J27)) -> 3.85 | U27: {=IF(OR(J27="NA",J27="NR",ISBLANK(J27)),J27,IFERROR(INDEX([2]Result!$C$7:$C$15,MATCH(1,(J27>=[2]Result!$A$7:$A$15)*(J27<=[2]Result!$B$7:$B$15),0)), "NA"))} -> 3A | V27: =IF($D27>DATE(2024,12,31),"NA",IF(M27="","NR",M27)) -> 3.75 | W27: {=IF(OR(M27="NA",M27="NR",ISBLANK(M27)),M27,IFERROR(INDEX([2]Result!$C$7:$C$15,MATCH(1,(M27>=[2]Result!$A$7:$A$15)*(M27<=[2]Result!$B$7:$B$15),0)), "NA"))} -> 3A
A28: 17 | B28: 6555 | C28: ='[2]Evalution 25'!B18 -> Ahmed Tawfek Mahmoud Alasyouty | D28: 44220 | E28: ='[2]Evalution 25'!C18 -> Cairo | F28: ='[2]Evalution 25'!E18 -> Assistant Manager - Traffic | G28: ='[2]Evalution 25'!D18 -> Traffic | H28: ='[2]Evalutaion 23'!G13 -> 4.2 | I28: ='[2]Evalutaion 23'!H13 -> 4.5 | J28: =IF(COUNT(H28:I28)>0,AVERAGEIF(H28:I28,">=0"), IF(AND(ISNUMBER(D28),D28<=DATE(2023,12,31)),"NR","NA")) -> 4.35 | K28: ='[2]Evalutaion 24'!G15 -> 4.4 | L28: ='[2]Evalutaion 24'!H15 -> 4.3 | M28: =IF(COUNT(K28:L28)>0,AVERAGEIF(K28:L28,">=0"), IF(AND(ISNUMBER(D28),D28<=DATE(2024,12,31)),"NR","NA")) -> 4.35 | N28: ='[2]Evalution 25'!G18 -> 3.7 | O28: ='[2]Evalution 25'!H18 -> 3.8 | P28: =IF(COUNT(N28:O28)>0,AVERAGEIF(N28:O28,">=0"), IF(AND(ISNUMBER(D28),D28<=DATE(2025,12,31)),"NR","NA")) -> 3.75 | Q28: =AVERAGE(J28,M28,P28,) -> 3.1125 | R28: =IF(P28="","", IF(OR(P28="NR",P28="NA"),"NA", IF(P28<3,"Poor", IF(P28<3.8,"Average","High") ))) -> Average | S28: =IFERROR( _xlfn.XLOOKUP(Q28,[2]Result!$A$7:$A$15,[2]Result!$C$7:$C$15,"Out of range",-1),"N/A") -> 2C | T28: =IF($D28>DATE(2023,12,31),"NA",IF(J28="","NR",J28)) -> 4.35 | U28: {=IF(OR(J28="NA",J28="NR",ISBLANK(J28)),J28,IFERROR(INDEX([2]Result!$C$7:$C$15,MATCH(1,(J28>=[2]Result!$A$7:$A$15)*(J28<=[2]Result!$B$7:$B$15),0)), "NA"))} -> 3B | V28: =IF($D28>DATE(2024,12,31),"NA",IF(M28="","NR",M28)) -> 4.35 | W28: {=IF(OR(M28="NA",M28="NR",ISBLANK(M28)),M28,IFERROR(INDEX([2]Result!$C$7:$C$15,MATCH(1,(M28>=[2]Result!$A$7:$A$15)*(M28<=[2]Result!$B$7:$B$15),0)), "NA"))} -> 3B
A29: 18 | B29: 6595 | C29: ='[2]Evalution 25'!B19 -> Al Shaimaa Mohamed Mohamed Sadek Alshoura | D29: 44381 | E29: ='[2]Evalution 25'!C19 -> Cairo | F29: ='[2]Evalution 25'!E19 -> HR Manager | G29: ='[2]Evalution 25'!D19 -> HR | H29: ='[2]Evalutaion 23'!G14 -> 5 | I29: ='[2]Evalutaion 23'!H14 -> 4.8 | J29: =IF(COUNT(H29:I29)>0,AVERAGEIF(H29:I29,">=0"), IF(AND(ISNUMBER(D29),D29<=DATE(2023,12,31)),"NR","NA")) -> 4.9 | K29: ='[2]Evalutaion 24'!G16 -> 4.7 | L29: ='[2]Evalutaion 24'!H16 -> 5 | M29: =IF(COUNT(K29:L29)>0,AVERAGEIF(K29:L29,">=0"), IF(AND(ISNUMBER(D29),D29<=DATE(2024,12,31)),"NR","NA")) -> 4.85 | N29: ='[2]Evalution 25'!G19 -> 4.6 | O29: ='[2]Evalution 25'!H19 -> 5 | P29: =IF(COUNT(N29:O29)>0,AVERAGEIF(N29:O29,">=0"), IF(AND(ISNUMBER(D29),D29<=DATE(2025,12,31)),"NR","NA")) -> 4.8 | Q29: =AVERAGE(J29,M29,P29,) -> 3.6375 | R29: =IF(P29="","", IF(OR(P29="NR",P29="NA"),"NA", IF(P29<3,"Poor", IF(P29<3.8,"Average","High") ))) -> High | S29: =IFERROR( _xlfn.XLOOKUP(Q29,[2]Result!$A$7:$A$15,[2]Result!$C$7:$C$15,"Out of range",-1),"N/A") -> 3A | T29: =IF($D29>DATE(2023,12,31),"NA",IF(J29="","NR",J29)) -> 4.9 | U29: {=IF(OR(J29="NA",J29="NR",ISBLANK(J29)),J29,IFERROR(INDEX([2]Result!$C$7:$C$15,MATCH(1,(J29>=[2]Result!$A$7:$A$15)*(J29<=[2]Result!$B$7:$B$15),0)), "NA"))} -> 3C | V29: =IF($D29>DATE(2024,12,31),"NA",IF(M29="","NR",M29)) -> 4.85 | W29: {=IF(OR(M29="NA",M29="NR",ISBLANK(M29)),M29,IFERROR(INDEX([2]Result!$C$7:$C$15,MATCH(1,(M29>=[2]Result!$A$7:$A$15)*(M29<=[2]Result!$B$7:$B$15),0)), "NA"))} -> 3C
A30: 19 | B30: 49926 | C30: ='[2]Evalution 25'!B20 -> Alaa Mohamed Ahmed Aboelenin Zaghloul | D30: 45597 | E30: ='[2]Evalution 25'!C20 -> Cairo | F30: ='[2]Evalution 25'!E20 -> Client Service Executive | G30: ='[2]Evalution 25'!D20 -> Agency Partnerships | H30: - | I30: - | J30: =IF(COUNT(H30:I30)>0,AVERAGEIF(H30:I30,">=0"), IF(AND(ISNUMBER(D30),D30<=DATE(2023,12,31)),"NR","NA")) -> NA | K30: - | L30: - | M30: =IF(COUNT(K30:L30)>0,AVERAGEIF(K30:L30,">=0"), IF(AND(ISNUMBER(D30),D30<=DATE(2024,12,31)),"NR","NA")) -> NR | N30: ='[2]Evalution 25'!G20 -> 3 | O30: ='[2]Evalution 25'!H20 -> 3.3 | P30: =IF(COUNT(N30:O30)>0,AVERAGEIF(N30:O30,">=0"), IF(AND(ISNUMBER(D30),D30<=DATE(2025,12,31)),"NR","NA")) -> 3.15 | Q30: =AVERAGE(J30,M30,P30,) -> 1.575 | R30: =IF(P30="","", IF(OR(P30="NR",P30="NA"),"NA", IF(P30<3,"Poor", IF(P30<3.8,"Average","High") ))) -> Average | S30: =IFERROR( _xlfn.XLOOKUP(Q30,[2]Result!$A$7:$A$15,[2]Result!$C$7:$C$15,"Out of range",-1),"N/A") -> 1B | T30: =IF($D30>DATE(2023,12,31),"NA",IF(J30="","NR",J30)) -> NA | U30: {=IF(OR(J30="NA",J30="NR",ISBLANK(J30)),J30,IFERROR(INDEX([2]Result!$C$7:$C$15,MATCH(1,(J30>=[2]Result!$A$7:$A$15)*(J30<=[2]Result!$B$7:$B$15),0)), "NA"))} -> NA | V30: =IF($D30>DATE(2024,12,31),"NA",IF(M30="","NR",M30)) -> NR | W30: {=IF(OR(M30="NA",M30="NR",ISBLANK(M30)),M30,IFERROR(INDEX([2]Result!$C$7:$C$15,MATCH(1,(M30>=[2]Result!$A$7:$A$15)*(M30<=[2]Result!$B$7:$B$15),0)), "NA"))} -> NR
A31: 20 | B31: 50433 | C31: ='[2]Evalution 25'!B21 -> Alaa Mohamed Aly | D31: 45781 | E31: ='[2]Evalution 25'!C21 -> Cairo | F31: ='[2]Evalution 25'!E21 -> Office Manager | G31: ='[2]Evalution 25'!D21 -> Admin | H31: - | I31: - | J31: =IF(COUNT(H31:I31)>0,AVERAGEIF(H31:I31,">=0"), IF(AND(ISNUMBER(D31),D31<=DATE(2023,12,31)),"NR","NA")) -> NA | K31: - | L31: - | M31: =IF(COUNT(K31:L31)>0,AVERAGEIF(K31:L31,">=0"), IF(AND(ISNUMBER(D31),D31<=DATE(2024,12,31)),"NR","NA")) -> NA | N31: ='[2]Evalution 25'!G21 -> 3.6 | O31: ='[2]Evalution 25'!H21 -> 3.7 | P31: =IF(COUNT(N31:O31)>0,AVERAGEIF(N31:O31,">=0"), IF(AND(ISNUMBER(D31),D31<=DATE(2025,12,31)),"NR","NA")) -> 3.65 | Q31: =AVERAGE(J31,M31,P31,) -> 1.825 | R31: =IF(P31="","", IF(OR(P31="NR",P31="NA"),"NA", IF(P31<3,"Poor", IF(P31<3.8,"Average","High") ))) -> Average | S31: =IFERROR( _xlfn.XLOOKUP(Q31,[2]Result!$A$7:$A$15,[2]Result!$C$7:$C$15,"Out of range",-1),"N/A") -> 1C | T31: =IF($D31>DATE(2023,12,31),"NA",IF(J31="","NR",J31)) -> NA | U31: {=IF(OR(J31="NA",J31="NR",ISBLANK(J31)),J31,IFERROR(INDEX([2]Result!$C$7:$C$15,MATCH(1,(J31>=[2]Result!$A$7:$A$15)*(J31<=[2]Result!$B$7:$B$15),0)), "NA"))} -> NA | V31: =IF($D31>DATE(2024,12,31),"NA",IF(M31="","NR",M31)) -> NA | W31: {=IF(OR(M31="NA",M31="NR",ISBLANK(M31)),M31,IFERROR(INDEX([2]Result!$C$7:$C$15,MATCH(1,(M31>=[2]Result!$A$7:$A$15)*(M31<=[2]Result!$B$7:$B$15),0)), "NA"))} -> NA
A32: 21 | B32: 49579 | C32: ='[2]Evalution 25'!B22 -> Alaaeldin Eid ahmed Fadl | D32: 45522 | E32: ='[2]Evalution 25'!C22 -> Cairo | F32: ='[2]Evalution 25'!E22 -> Office Boy | G32: ='[2]Evalution 25'!D22 -> Admin | H32: - | I32: - | J32: =IF(COUNT(H32:I32)>0,AVERAGEIF(H32:I32,">=0"), IF(AND(ISNUMBER(D32),D32<=DATE(2023,12,31)),"NR","NA")) -> NA | K32: - | L32: - | M32: =IF(COUNT(K32:L32)>0,AVERAGEIF(K32:L32,">=0"), IF(AND(ISNUMBER(D32),D32<=DATE(2024,12,31)),"NR","NA")) -> NR | N32: ='[2]Evalution 25'!G22 -> 3.5 | O32: ='[2]Evalution 25'!H22 -> 3.2 | P32: =IF(COUNT(N32:O32)>0,AVERAGEIF(N32:O32,">=0"), IF(AND(ISNUMBER(D32),D32<=DATE(2025,12,31)),"NR","NA")) -> 3.35 | Q32: =AVERAGE(J32,M32,P32,) -> 1.675 | R32: =IF(P32="","", IF(OR(P32="NR",P32="NA"),"NA", IF(P32<3,"Poor", IF(P32<3.8,"Average","High") ))) -> Average | S32: =IFERROR( _xlfn.XLOOKUP(Q32,[2]Result!$A$7:$A$15,[2]Result!$C$7:$C$15,"Out of range",-1),"N/A") -> 1C | T32: =IF($D32>DATE(2023,12,31),"NA",IF(J32="","NR",J32)) -> NA | U32: {=IF(OR(J32="NA",J32="NR",ISBLANK(J32)),J32,IFERROR(INDEX([2]Result!$C$7:$C$15,MATCH(1,(J32>=[2]Result!$A$7:$A$15)*(J32<=[2]Result!$B$7:$B$15),0)), "NA"))} -> NA | V32: =IF($D32>DATE(2024,12,31),"NA",IF(M32="","NR",M32)) -> NR | W32: {=IF(OR(M32="NA",M32="NR",ISBLANK(M32)),M32,IFERROR(INDEX([2]Result!$C$7:$C$15,MATCH(1,(M32>=[2]Result!$A$7:$A$15)*(M32<=[2]Result!$B$7:$B$15),0)), "NA"))} -> NR
A33: 22 | B33: 31428 | C33: ='[2]Evalution 25'!B23 -> Alanoud Waleed Muhammed Almadi | D33: 44584 | E33: ='[2]Evalution 25'!C23 -> Riyadh | F33: ='[2]Evalution 25'!E23 -> Client Growth Senior Executive | G33: ='[2]Evalution 25'!D23 -> Client Growth | H33: ='[2]Evalutaion 23'!G15 -> 4.4 | I33: ='[2]Evalutaion 23'!H15 -> 4.7 | J33: =IF(COUNT(H33:I33)>0,AVERAGEIF(H33:I33,">=0"), IF(AND(ISNUMBER(D33),D33<=DATE(2023,12,31)),"NR","NA")) -> 4.55 | K33: ='[2]Evalutaion 24'!G18 -> 3.1 | L33: ='[2]Evalutaion 24'!H18 -> 3.7 | M33: =IF(COUNT(K33:L33)>0,AVERAGEIF(K33:L33,">=0"), IF(AND(ISNUMBER(D33),D33<=DATE(2024,12,31)),"NR","NA")) -> 3.4 | N33: ='[2]Evalution 25'!G23 -> 4.7 | O33: ='[2]Evalution 25'!H23 -> 4.8 | P33: =IF(COUNT(N33:O33)>0,AVERAGEIF(N33:O33,">=0"), IF(AND(ISNUMBER(D33),D33<=DATE(2025,12,31)),"NR","NA")) -> 4.75 | Q33: =AVERAGE(J33,M33,P33,) -> 3.175 | R33: =IF(P33="","", IF(OR(P33="NR",P33="NA"),"NA", IF(P33<3,"Poor", IF(P33<3.8,"Average","High") ))) -> High | S33: =IFERROR( _xlfn.XLOOKUP(Q33,[2]Result!$A$7:$A$15,[2]Result!$C$7:$C$15,"Out of range",-1),"N/A") -> 2C | T33: =IF($D33>DATE(2023,12,31),"NA",IF(J33="","NR",J33)) -> 4.55 | U33: {=IF(OR(J33="NA",J33="NR",ISBLANK(J33)),J33,IFERROR(INDEX([2]Result!$C$7:$C$15,MATCH(1,(J33>=[2]Result!$A$7:$A$15)*(J33<=[2]Result!$B$7:$B$15),0)), "NA"))} -> NA | V33: =IF($D33>DATE(2024,12,31),"NA",IF(M33="","NR",M33)) -> 3.4 | W33: {=IF(OR(M33="NA",M33="NR",ISBLANK(M33)),M33,IFERROR(INDEX([2]Result!$C$7:$C$15,MATCH(1,(M33>=[2]Result!$A$7:$A$15)*(M33<=[2]Result!$B$7:$B$15),0)), "NA"))} -> 2C
A34: 23 | B34: 47437 | C34: ='[2]Evalution 25'!B24 -> Ali Imad Younes | D34: 45012 | E34: ='[2]Evalution 25'!C24 -> Dubai | F34: ='[2]Evalution 25'!E24 -> Content Solutions Senior Executive | G34: ='[2]Evalution 25'!D24 -> Content Solutions | H34: ='[2]Evalutaion 23'!G16 -> 3.5 | I34: ='[2]Evalutaion 23'!H16 -> 3.5 | J34: =IF(COUNT(H34:I34)>0,AVERAGEIF(H34:I34,">=0"), IF(AND(ISNUMBER(D34),D34<=DATE(2023,12,31)),"NR","NA")) -> 3.5 | K34: ='[2]Evalutaion 24'!G19 -> 3.8 | L34: ='[2]Evalutaion 24'!H19 -> 3.7 | M34: =IF(COUNT(K34:L34)>0,AVERAGEIF(K34:L34,">=0"), IF(AND(ISNUMBER(D34),D34<=DATE(2024,12,31)),"NR","NA")) -> 3.75 | N34: ='[2]Evalution 25'!G24 -> 4.8 | O34: ='[2]Evalution 25'!H24 -> 4.3 | P34: =IF(COUNT(N34:O34)>0,AVERAGEIF(N34:O34,">=0"), IF(AND(ISNUMBER(D34),D34<=DATE(2025,12,31)),"NR","NA")) -> 4.55 | Q34: =AVERAGE(J34,M34,P34,) -> 2.95 | R34: =IF(P34="","", IF(OR(P34="NR",P34="NA"),"NA", IF(P34<3,"Poor", IF(P34<3.8,"Average","High") ))) -> High | S34: =IFERROR( _xlfn.XLOOKUP(Q34,[2]Result!$A$7:$A$15,[2]Result!$C$7:$C$15,"Out of range",-1),"N/A") -> 2B | T34: =IF($D34>DATE(2023,12,31),"NA",IF(J34="","NR",J34)) -> 3.5 | U34: {=IF(OR(J34="NA",J34="NR",ISBLANK(J34)),J34,IFERROR(INDEX([2]Result!$C$7:$C$15,MATCH(1,(J34>=[2]Result!$A$7:$A$15)*(J34<=[2]Result!$B$7:$B$15),0)), "NA"))} -> 2C | V34: =IF($D34>DATE(2024,12,31),"NA",IF(M34="","NR",M34)) -> 3.75 | W34: {=IF(OR(M34="NA",M34="NR",ISBLANK(M34)),M34,IFERROR(INDEX([2]Result!$C$7:$C$15,MATCH(1,(M34>=[2]Result!$A$7:$A$15)*(M34<=[2]Result!$B$7:$B$15),0)), "NA"))} -> 3A
A35: 24 | B35: 48064 | C35: ='[2]Evalution 25'!B25 -> Ali Salam Ahmed Ahmed | D35: 45173 | E35: ='[2]Evalution 25'!C25 -> Dubai | F35: ='[2]Evalution 25'!E25 -> Client Growth Lead | G35: ='[2]Evalution 25'!D25 -> Client Growth | H35: ='[2]Evalutaion 23'!G17 -> 0 | I35: ='[2]Evalutaion 23'!H17 -> 3.3 | J35: =IF(COUNT(H35:I35)>0,AVERAGEIF(H35:I35,">=0"), IF(AND(ISNUMBER(D35),D35<=DATE(2023,12,31)),"NR","NA")) -> 1.65 | K35: ='[2]Evalutaion 24'!G20 -> 0 | L35: ='[2]Evalutaion 24'!H20 -> 0 | M35: =IF(COUNT(K35:L35)>0,AVERAGEIF(K35:L35,">=0"), IF(AND(ISNUMBER(D35),D35<=DATE(2024,12,31)),"NR","NA")) -> 0 | N35: ='[2]Evalution 25'!G25 -> 5 | O35: ='[2]Evalution 25'!H25 -> 5 | P35: =IF(COUNT(N35:O35)>0,AVERAGEIF(N35:O35,">=0"), IF(AND(ISNUMBER(D35),D35<=DATE(2025,12,31)),"NR","NA")) -> 5 | Q35: =AVERAGE(J35,M35,P35,) -> 1.6625 | R35: =IF(P35="","", IF(OR(P35="NR",P35="NA"),"NA", IF(P35<3,"Poor", IF(P35<3.8,"Average","High") ))) -> High | S35: =IFERROR( _xlfn.XLOOKUP(Q35,[2]Result!$A$7:$A$15,[2]Result!$C$7:$C$15,"Out of range",-1),"N/A") -> 1C | T35: =IF($D35>DATE(2023,12,31),"NA",IF(J35="","NR",J35)) -> 1.65 | U35: {=IF(OR(J35="NA",J35="NR",ISBLANK(J35)),J35,IFERROR(INDEX([2]Result!$C$7:$C$15,MATCH(1,(J35>=[2]Result!$A$7:$A$15)*(J35<=[2]Result!$B$7:$B$15),0)), "NA"))} -> 1C | V35: =IF($D35>DATE(2024,12,31),"NA",IF(M35="","NR",M35)) -> 0 | W35: {=IF(OR(M35="NA",M35="NR",ISBLANK(M35)),M35,IFERROR(INDEX([2]Result!$C$7:$C$15,MATCH(1,(M35>=[2]Result!$A$7:$A$15)*(M35<=[2]Result!$B$7:$B$15),0)), "NA"))} -> 1A
A36: 25 | B36: 6571 | C36: ='[2]Evalution 25'!B26 -> Alsayed Abo Bakr Abdelhay Abdullah | D36: 44290 | E36: ='[2]Evalution 25'!C26 -> Cairo | F36: ='[2]Evalution 25'!E26 -> Traffic Supervisor | G36: ='[2]Evalution 25'!D26 -> Traffic | H36: ='[2]Evalutaion 23'!G18 -> 4 | I36: ='[2]Evalutaion 23'!H18 -> 4 | J36: =IF(COUNT(H36:I36)>0,AVERAGEIF(H36:I36,">=0"), IF(AND(ISNUMBER(D36),D36<=DATE(2023,12,31)),"NR","NA")) -> 4 | K36: ='[2]Evalutaion 24'!G21 -> 3.6 | L36: ='[2]Evalutaion 24'!H21 -> 3.5 | M36: =IF(COUNT(K36:L36)>0,AVERAGEIF(K36:L36,">=0"), IF(AND(ISNUMBER(D36),D36<=DATE(2024,12,31)),"NR","NA")) -> 3.55 | N36: ='[2]Evalution 25'!G26 -> 3.7 | O36: ='[2]Evalution 25'!H26 -> 4 | P36: =IF(COUNT(N36:O36)>0,AVERAGEIF(N36:O36,">=0"), IF(AND(ISNUMBER(D36),D36<=DATE(2025,12,31)),"NR","NA")) -> 3.85 | Q36: =AVERAGE(J36,M36,P36,) -> 2.85 | R36: =IF(P36="","", IF(OR(P36="NR",P36="NA"),"NA", IF(P36<3,"Poor", IF(P36<3.8,"Average","High") ))) -> High | S36: =IFERROR( _xlfn.XLOOKUP(Q36,[2]Result!$A$7:$A$15,[2]Result!$C$7:$C$15,"Out of range",-1),"N/A") -> 2B | T36: =IF($D36>DATE(2023,12,31),"NA",IF(J36="","NR",J36)) -> 4 | U36: {=IF(OR(J36="NA",J36="NR",ISBLANK(J36)),J36,IFERROR(INDEX([2]Result!$C$7:$C$15,MATCH(1,(J36>=[2]Result!$A$7:$A$15)*(J36<=[2]Result!$B$7:$B$15),0)), "NA"))} -> 3A | V36: =IF($D36>DATE(2024,12,31),"NA",IF(M36="","NR",M36)) -> 3.55 | W36: {=IF(OR(M36="NA",M36="NR",ISBLANK(M36)),M36,IFERROR(INDEX([2]Result!$C$7:$C$15,MATCH(1,(M36>=[2]Result!$A$7:$A$15)*(M36<=[2]Result!$B$7:$B$15),0)), "NA"))} -> NA
A37: 26 | B37: 6552 | C37: ='[2]Evalution 25'!B27 -> Amira Mohamed Ali Soliman Soltan | D37: 44197 | E37: ='[2]Evalution 25'!C27 -> Cairo | F37: ='[2]Evalution 25'!E27 -> Sales Manager | G37: ='[2]Evalution 25'!D27 -> Agency Partnerships | H37: ='[2]Evalutaion 23'!G19 -> 4.7 | I37: ='[2]Evalutaion 23'!H19 -> 4.3 | J37: =IF(COUNT(H37:I37)>0,AVERAGEIF(H37:I37,">=0"), IF(AND(ISNUMBER(D37),D37<=DATE(2023,12,31)),"NR","NA")) -> 4.5 | K37: ='[2]Evalutaion 24'!G22 -> 4.3 | L37: ='[2]Evalutaion 24'!H22 -> 4 | M37: =IF(COUNT(K37:L37)>0,AVERAGEIF(K37:L37,">=0"), IF(AND(ISNUMBER(D37),D37<=DATE(2024,12,31)),"NR","NA")) -> 4.15 | N37: ='[2]Evalution 25'!G27 -> 4 | O37: ='[2]Evalution 25'!H27 -> 4 | P37: =IF(COUNT(N37:O37)>0,AVERAGEIF(N37:O37,">=0"), IF(AND(ISNUMBER(D37),D37<=DATE(2025,12,31)),"NR","NA")) -> 4 | Q37: =AVERAGE(J37,M37,P37,) -> 3.1625 | R37: =IF(P37="","", IF(OR(P37="NR",P37="NA"),"NA", IF(P37<3,"Poor", IF(P37<3.8,"Average","High") ))) -> High | S37: =IFERROR( _xlfn.XLOOKUP(Q37,[2]Result!$A$7:$A$15,[2]Result!$C$7:$C$15,"Out of range",-1),"N/A") -> 2C | T37: =IF($D37>DATE(2023,12,31),"NA",IF(J37="","NR",J37)) -> 4.5 | U37: {=IF(OR(J37="NA",J37="NR",ISBLANK(J37)),J37,IFERROR(INDEX([2]Result!$C$7:$C$15,MATCH(1,(J37>=[2]Result!$A$7:$A$15)*(J37<=[2]Result!$B$7:$B$15),0)), "NA"))} -> 3B | V37: =IF($D37>DATE(2024,12,31),"NA",IF(M37="","NR",M37)) -> 4.15 | W37: {=IF(OR(M37="NA",M37="NR",ISBLANK(M37)),M37,IFERROR(INDEX([2]Result!$C$7:$C$15,MATCH(1,(M37>=[2]Result!$A$7:$A$15)*(M37<=[2]Result!$B$7:$B$15),0)), "NA"))} -> 3B
A38: 27 | B38: 31257 | C38: ='[2]Evalution 25'!B28 -> Ammar Sami Hassan Subki | D38: 44501 | E38: ='[2]Evalution 25'!C28 -> Riyadh | F38: ='[2]Evalution 25'!E28 -> Head of HR and Admin Services | G38: ='[2]Evalution 25'!D28 -> HR | H38: ='[2]Evalutaion 23'!G20 -> 4 | I38: ='[2]Evalutaion 23'!H20 -> 3.8 | J38: =IF(COUNT(H38:I38)>0,AVERAGEIF(H38:I38,">=0"), IF(AND(ISNUMBER(D38),D38<=DATE(2023,12,31)),"NR","NA")) -> 3.9 | K38: ='[2]Evalutaion 24'!G23 -> 4.7 | L38: ='[2]Evalutaion 24'!H23 -> 4.5 | M38: =IF(COUNT(K38:L38)>0,AVERAGEIF(K38:L38,">=0"), IF(AND(ISNUMBER(D38),D38<=DATE(2024,12,31)),"NR","NA")) -> 4.6 | N38: ='[2]Evalution 25'!G28 -> 4.7 | O38: ='[2]Evalution 25'!H28 -> 4.8 | P38: =IF(COUNT(N38:O38)>0,AVERAGEIF(N38:O38,">=0"), IF(AND(ISNUMBER(D38),D38<=DATE(2025,12,31)),"NR","NA")) -> 4.75 | Q38: =AVERAGE(J38,M38,P38,) -> 3.3125 | R38: =IF(P38="","", IF(OR(P38="NR",P38="NA"),"NA", IF(P38<3,"Poor", IF(P38<3.8,"Average","High") ))) -> High | S38: =IFERROR( _xlfn.XLOOKUP(Q38,[2]Result!$A$7:$A$15,[2]Result!$C$7:$C$15,"Out of range",-1),"N/A") -> 2C | T38: =IF($D38>DATE(2023,12,31),"NA",IF(J38="","NR",J38)) -> 3.9 | U38: {=IF(OR(J38="NA",J38="NR",ISBLANK(J38)),J38,IFERROR(INDEX([2]Result!$C$7:$C$15,MATCH(1,(J38>=[2]Result!$A$7:$A$15)*(J38<=[2]Result!$B$7:$B$15),0)), "NA"))} -> 3A | V38: =IF($D38>DATE(2024,12,31),"NA",IF(M38="","NR",M38)) -> 4.6 | W38: {=IF(OR(M38="NA",M38="NR",ISBLANK(M38)),M38,IFERROR(INDEX([2]Result!$C$7:$C$15,MATCH(1,(M38>=[2]Result!$A$7:$A$15)*(M38<=[2]Result!$B$7:$B$15),0)), "NA"))} -> 3C
A39: 28 | B39: 6614 | C39: ='[2]Evalution 25'!B29 -> Amr Reda Amer Ghoniem | D39: 44501 | E39: ='[2]Evalution 25'!C29 -> Cairo | F39: ='[2]Evalution 25'!E29 -> Office Boy | G39: ='[2]Evalution 25'!D29 -> Admin | H39: ='[2]Evalutaion 23'!G21 -> 3 | I39: ='[2]Evalutaion 23'!H21 -> 3 | J39: =IF(COUNT(H39:I39)>0,AVERAGEIF(H39:I39,">=0"), IF(AND(ISNUMBER(D39),D39<=DATE(2023,12,31)),"NR","NA")) -> 3 | K39: ='[2]Evalutaion 24'!G24 -> 3 | L39: ='[2]Evalutaion 24'!H24 -> 3 | M39: =IF(COUNT(K39:L39)>0,AVERAGEIF(K39:L39,">=0"), IF(AND(ISNUMBER(D39),D39<=DATE(2024,12,31)),"NR","NA")) -> 3 | N39: ='[2]Evalution 25'!G29 -> 3 | O39: ='[2]Evalution 25'!H29 -> 3 | P39: =IF(COUNT(N39:O39)>0,AVERAGEIF(N39:O39,">=0"), IF(AND(ISNUMBER(D39),D39<=DATE(2025,12,31)),"NR","NA")) -> 3 | Q39: =AVERAGE(J39,M39,P39,) -> 2.25 | R39: =IF(P39="","", IF(OR(P39="NR",P39="NA"),"NA", IF(P39<3,"Poor", IF(P39<3.8,"Average","High") ))) -> Average | S39: =IFERROR( _xlfn.XLOOKUP(Q39,[2]Result!$A$7:$A$15,[2]Result!$C$7:$C$15,"Out of range",-1),"N/A") -> 2A | T39: =IF($D39>DATE(2023,12,31),"NA",IF(J39="","NR",J39)) -> 3 | U39: {=IF(OR(J39="NA",J39="NR",ISBLANK(J39)),J39,IFERROR(INDEX([2]Result!$C$7:$C$15,MATCH(1,(J39>=[2]Result!$A$7:$A$15)*(J39<=[2]Result!$B$7:$B$15),0)), "NA"))} -> 2B | V39: =IF($D39>DATE(2024,12,31),"NA",IF(M39="","NR",M39)) -> 3 | W39: {=IF(OR(M39="NA",M39="NR",ISBLANK(M39)),M39,IFERROR(INDEX([2]Result!$C$7:$C$15,MATCH(1,(M39>=[2]Result!$A$7:$A$15)*(M39<=[2]Result!$B$7:$B$15),0)), "NA"))} -> 2B
A40: 29 | B40: 10845 | C40: ='[2]Evalution 25'!B30 -> Angelica Villena | D40: 44297 | E40: ='[2]Evalution 25'!C30 -> Dubai | F40: ='[2]Evalution 25'!E30 -> Senior Traffic Operations | G40: ='[2]Evalution 25'!D30 -> Traffic | H40: ='[2]Evalutaion 23'!G22 -> 4.3 | I40: ='[2]Evalutaion 23'!H22 -> 4.8 | J40: =IF(COUNT(H40:I40)>0,AVERAGEIF(H40:I40,">=0"), IF(AND(ISNUMBER(D40),D40<=DATE(2023,12,31)),"NR","NA")) -> 4.55 | K40: ='[2]Evalutaion 24'!G25 -> 4.6 | L40: ='[2]Evalutaion 24'!H25 -> 4.7 | M40: =IF(COUNT(K40:L40)>0,AVERAGEIF(K40:L40,">=0"), IF(AND(ISNUMBER(D40),D40<=DATE(2024,12,31)),"NR","NA")) -> 4.65 | N40: ='[2]Evalution 25'!G30 -> 4.9 | O40: ='[2]Evalution 25'!H30 -> 4.8 | P40: =IF(COUNT(N40:O40)>0,AVERAGEIF(N40:O40,">=0"), IF(AND(ISNUMBER(D40),D40<=DATE(2025,12,31)),"NR","NA")) -> 4.85 | Q40: =AVERAGE(J40,M40,P40,) -> 3.5125 | R40: =IF(P40="","", IF(OR(P40="NR",P40="NA"),"NA", IF(P40<3,"Poor", IF(P40<3.8,"Average","High") ))) -> High | S40: =IFERROR( _xlfn.XLOOKUP(Q40,[2]Result!$A$7:$A$15,[2]Result!$C$7:$C$15,"Out of range",-1),"N/A") -> 2C | T40: =IF($D40>DATE(2023,12,31),"NA",IF(J40="","NR",J40)) -> 4.55 | U40: {=IF(OR(J40="NA",J40="NR",ISBLANK(J40)),J40,IFERROR(INDEX([2]Result!$C$7:$C$15,MATCH(1,(J40>=[2]Result!$A$7:$A$15)*(J40<=[2]Result!$B$7:$B$15),0)), "NA"))} -> NA | V40: =IF($D40>DATE(2024,12,31),"NA",IF(M40="","NR",M40)) -> 4.65 | W40: {=IF(OR(M40="NA",M40="NR",ISBLANK(M40)),M40,IFERROR(INDEX([2]Result!$C$7:$C$15,MATCH(1,(M40>=[2]Result!$A$7:$A$15)*(M40<=[2]Result!$B$7:$B$15),0)), "NA"))} -> 3C
A41: 30 | B41: 10312 | C41: ='[2]Evalution 25'!B31 -> Arlene Belleza Patrimonio | D41: 44171 | E41: ='[2]Evalution 25'!C31 -> Dubai | F41: ='[2]Evalution 25'!E31 -> Senior Traffic Executive | G41: ='[2]Evalution 25'!D31 -> Traffic | H41: ='[2]Evalutaion 23'!G23 -> 3.6 | I41: ='[2]Evalutaion 23'!H23 -> 3.5 | J41: =IF(COUNT(H41:I41)>0,AVERAGEIF(H41:I41,">=0"), IF(AND(ISNUMBER(D41),D41<=DATE(2023,12,31)),"NR","NA")) -> 3.55 | K41: ='[2]Evalutaion 24'!G26 -> 4 | L41: ='[2]Evalutaion 24'!H26 -> 4 | M41: =IF(COUNT(K41:L41)>0,AVERAGEIF(K41:L41,">=0"), IF(AND(ISNUMBER(D41),D41<=DATE(2024,12,31)),"NR","NA")) -> 4 | N41: ='[2]Evalution 25'!G31 -> 3.8 | O41: ='[2]Evalution 25'!H31 -> 3.8 | P41: =IF(COUNT(N41:O41)>0,AVERAGEIF(N41:O41,">=0"), IF(AND(ISNUMBER(D41),D41<=DATE(2025,12,31)),"NR","NA")) -> 3.8 | Q41: =AVERAGE(J41,M41,P41,) -> 2.8375 | R41: =IF(P41="","", IF(OR(P41="NR",P41="NA"),"NA", IF(P41<3,"Poor", IF(P41<3.8,"Average","High") ))) -> High | S41: =IFERROR( _xlfn.XLOOKUP(Q41,[2]Result!$A$7:$A$15,[2]Result!$C$7:$C$15,"Out of range",-1),"N/A") -> 2B | T41: =IF($D41>DATE(2023,12,31),"NA",IF(J41="","NR",J41)) -> 3.55 | U41: {=IF(OR(J41="NA",J41="NR",ISBLANK(J41)),J41,IFERROR(INDEX([2]Result!$C$7:$C$15,MATCH(1,(J41>=[2]Result!$A$7:$A$15)*(J41<=[2]Result!$B$7:$B$15),0)), "NA"))} -> NA | V41: =IF($D41>DATE(2024,12,31),"NA",IF(M41="","NR",M41)) -> 4 | W41: {=IF(OR(M41="NA",M41="NR",ISBLANK(M41)),M41,IFERROR(INDEX([2]Result!$C$7:$C$15,MATCH(1,(M41>=[2]Result!$A$7:$A$15)*(M41<=[2]Result!$B$7:$B$15),0)), "NA"))} -> 3A
A42: 31 | B42: 31254 | C42: ='[2]Evalution 25'!B32 -> Assaad Boujawdeh | D42: 44458 | E42: ='[2]Evalution 25'!C32 -> Riyadh | F42: ='[2]Evalution 25'!E32 -> Client Growth Senior Manager | G42: ='[2]Evalution 25'!D32 -> Client Growth | H42: ='[2]Evalutaion 23'!G24 -> 3.4 | I42: ='[2]Evalutaion 23'!H24 -> 3.3 | J42: =IF(COUNT(H42:I42)>0,AVERAGEIF(H42:I42,">=0"), IF(AND(ISNUMBER(D42),D42<=DATE(2023,12,31)),"NR","NA")) -> 3.35 | K42: ='[2]Evalutaion 24'!G27 -> 3.4 | L42: ='[2]Evalutaion 24'!H27 -> 3.8 | M42: =IF(COUNT(K42:L42)>0,AVERAGEIF(K42:L42,">=0"), IF(AND(ISNUMBER(D42),D42<=DATE(2024,12,31)),"NR","NA")) -> 3.6 | N42: ='[2]Evalution 25'!G32 -> 3.1 | O42: ='[2]Evalution 25'!H32 -> 3.8 | P42: =IF(COUNT(N42:O42)>0,AVERAGEIF(N42:O42,">=0"), IF(AND(ISNUMBER(D42),D42<=DATE(2025,12,31)),"NR","NA")) -> 3.45 | Q42: =AVERAGE(J42,M42,P42,) -> 2.6 | R42: =IF(P42="","", IF(OR(P42="NR",P42="NA"),"NA", IF(P42<3,"Poor", IF(P42<3.8,"Average","High") ))) -> Average | S42: =IFERROR( _xlfn.XLOOKUP(Q42,[2]Result!$A$7:$A$15,[2]Result!$C$7:$C$15,"Out of range",-1),"N/A") -> 2A | T42: =IF($D42>DATE(2023,12,31),"NA",IF(J42="","NR",J42)) -> 3.35 | U42: {=IF(OR(J42="NA",J42="NR",ISBLANK(J42)),J42,IFERROR(INDEX([2]Result!$C$7:$C$15,MATCH(1,(J42>=[2]Result!$A$7:$A$15)*(J42<=[2]Result!$B$7:$B$15),0)), "NA"))} -> 2C | V42: =IF($D42>DATE(2024,12,31),"NA",IF(M42="","NR",M42)) -> 3.6 | W42: {=IF(OR(M42="NA",M42="NR",ISBLANK(M42)),M42,IFERROR(INDEX([2]Result!$C$7:$C$15,MATCH(1,(M42>=[2]Result!$A$7:$A$15)*(M42<=[2]Result!$B$7:$B$15),0)), "NA"))} -> 3A
A43: 32 | B43: 47611 | C43: ='[2]Evalution 25'!B33 -> Cecille Ponsica Mago | D43: 45166 | E43: ='[2]Evalution 25'!C33 -> Dubai | F43: ='[2]Evalution 25'!E33 -> Office Attendant | G43: ='[2]Evalution 25'!D33 -> Admin | H43: ='[2]Evalutaion 23'!G25 -> 0 | I43: ='[2]Evalutaion 23'!H25 -> 4 | J43: =IF(COUNT(H43:I43)>0,AVERAGEIF(H43:I43,">=0"), IF(AND(ISNUMBER(D43),D43<=DATE(2023,12,31)),"NR","NA")) -> 2 | K43: ='[2]Evalutaion 24'!G28 -> 5 | L43: ='[2]Evalutaion 24'!H28 -> 4.5 | M43: =IF(COUNT(K43:L43)>0,AVERAGEIF(K43:L43,">=0"), IF(AND(ISNUMBER(D43),D43<=DATE(2024,12,31)),"NR","NA")) -> 4.75 | N43: ='[2]Evalution 25'!G33 -> 0 | O43: ='[2]Evalution 25'!H33 -> 4.2 | P43: =IF(COUNT(N43:O43)>0,AVERAGEIF(N43:O43,">=0"), IF(AND(ISNUMBER(D43),D43<=DATE(2025,12,31)),"NR","NA")) -> 2.1 | Q43: =AVERAGE(J43,M43,P43,) -> 2.2125 | R43: =IF(P43="","", IF(OR(P43="NR",P43="NA"),"NA", IF(P43<3,"Poor", IF(P43<3.8,"Average","High") ))) -> Poor | S43: =IFERROR( _xlfn.XLOOKUP(Q43,[2]Result!$A$7:$A$15,[2]Result!$C$7:$C$15,"Out of range",-1),"N/A") -> 2A | T43: =IF($D43>DATE(2023,12,31),"NA",IF(J43="","NR",J43)) -> 2 | U43: {=IF(OR(J43="NA",J43="NR",ISBLANK(J43)),J43,IFERROR(INDEX([2]Result!$C$7:$C$15,MATCH(1,(J43>=[2]Result!$A$7:$A$15)*(J43<=[2]Result!$B$7:$B$15),0)), "NA"))} -> 1C | V43: =IF($D43>DATE(2024,12,31),"NA",IF(M43="","NR",M43)) -> 4.75 | W43: {=IF(OR(M43="NA",M43="NR",ISBLANK(M43)),M43,IFERROR(INDEX([2]Result!$C$7:$C$15,MATCH(1,(M43>=[2]Result!$A$7:$A$15)*(M43<=[2]Result!$B$7:$B$15),0)), "NA"))} -> 3C
A44: 33 | B44: 49914 | C44: ='[2]Evalution 25'!B34 -> Chorouk Hassan Khoudari | D44: 45649 | E44: ='[2]Evalution 25'!C34 -> Dubai | F44: ='[2]Evalution 25'!E34 -> Research & Measurement Senior Manager | G44: ='[2]Evalution 25'!D34 -> Research | H44: - | I44: - | J44: =IF(COUNT(H44:I44)>0,AVERAGEIF(H44:I44,">=0"), IF(AND(ISNUMBER(D44),D44<=DATE(2023,12,31)),"NR","NA")) -> NA | K44: - | L44: - | M44: =IF(COUNT(K44:L44)>0,AVERAGEIF(K44:L44,">=0"), IF(AND(ISNUMBER(D44),D44<=DATE(2024,12,31)),"NR","NA")) -> NR | N44: ='[2]Evalution 25'!G34 -> 4 | O44: ='[2]Evalution 25'!H34 -> 4 | P44: =IF(COUNT(N44:O44)>0,AVERAGEIF(N44:O44,">=0"), IF(AND(ISNUMBER(D44),D44<=DATE(2025,12,31)),"NR","NA")) -> 4 | Q44: =AVERAGE(J44,M44,P44,) -> 2 | R44: =IF(P44="","", IF(OR(P44="NR",P44="NA"),"NA", IF(P44<3,"Poor", IF(P44<3.8,"Average","High") ))) -> High | S44: =IFERROR( _xlfn.XLOOKUP(Q44,[2]Result!$A$7:$A$15,[2]Result!$C$7:$C$15,"Out of range",-1),"N/A") -> 1C | T44: =IF($D44>DATE(2023,12,31),"NA",IF(J44="","NR",J44)) -> NA | U44: {=IF(OR(J44="NA",J44="NR",ISBLANK(J44)),J44,IFERROR(INDEX([2]Result!$C$7:$C$15,MATCH(1,(J44>=[2]Result!$A$7:$A$15)*(J44<=[2]Result!$B$7:$B$15),0)), "NA"))} -> NA | V44: =IF($D44>DATE(2024,12,31),"NA",IF(M44="","NR",M44)) -> NR | W44: {=IF(OR(M44="NA",M44="NR",ISBLANK(M44)),M44,IFERROR(INDEX([2]Result!$C$7:$C$15,MATCH(1,(M44>=[2]Result!$A$7:$A$15)*(M44<=[2]Result!$B$7:$B$15),0)), "NA"))} -> NR
A45: 34 | B45: 4363 | C45: ='[2]Evalution 25'!B35 -> Claire Kabbani | D45: 42550 | E45: ='[2]Evalution 25'!C35 -> Dubai | F45: ='[2]Evalution 25'!E35 -> Client Growth Manager | G45: ='[2]Evalution 25'!D35 -> Client Growth | H45: ='[2]Evalutaion 23'!G26 -> 5 | I45: ='[2]Evalutaion 23'!H26 -> 4.8 | J45: =IF(COUNT(H45:I45)>0,AVERAGEIF(H45:I45,">=0"), IF(AND(ISNUMBER(D45),D45<=DATE(2023,12,31)),"NR","NA")) -> 4.9 | K45: ='[2]Evalutaion 24'!G29 -> 5 | L45: ='[2]Evalutaion 24'!H29 -> 4.8 | M45: =IF(COUNT(K45:L45)>0,AVERAGEIF(K45:L45,">=0"), IF(AND(ISNUMBER(D45),D45<=DATE(2024,12,31)),"NR","NA")) -> 4.9 | N45: ='[2]Evalution 25'!G35 -> 5 | O45: ='[2]Evalution 25'!G35 -> 5 | P45: =IF(COUNT(N45:O45)>0,AVERAGEIF(N45:O45,">=0"), IF(AND(ISNUMBER(D45),D45<=DATE(2025,12,31)),"NR","NA")) -> 5 | Q45: =AVERAGE(J45,M45,P45,) -> 3.7 | R45: =IF(P45="","", IF(OR(P45="NR",P45="NA"),"NA", IF(P45<3,"Poor", IF(P45<3.8,"Average","High") ))) -> High | S45: =IFERROR( _xlfn.XLOOKUP(Q45,[2]Result!$A$7:$A$15,[2]Result!$C$7:$C$15,"Out of range",-1),"N/A") -> 3A | T45: =IF($D45>DATE(2023,12,31),"NA",IF(J45="","NR",J45)) -> 4.9 | U45: {=IF(OR(J45="NA",J45="NR",ISBLANK(J45)),J45,IFERROR(INDEX([2]Result!$C$7:$C$15,MATCH(1,(J45>=[2]Result!$A$7:$A$15)*(J45<=[2]Result!$B$7:$B$15),0)), "NA"))} -> 3C | V45: =IF($D45>DATE(2024,12,31),"NA",IF(M45="","NR",M45)) -> 4.9 | W45: {=IF(OR(M45="NA",M45="NR",ISBLANK(M45)),M45,IFERROR(INDEX([2]Result!$C$7:$C$15,MATCH(1,(M45>=[2]Result!$A$7:$A$15)*(M45<=[2]Result!$B$7:$B$15),0)), "NA"))} -> 3C
A46: 35 | B46: 49623 | C46: ='[2]Evalution 25'!B36 -> Clifford Issac Nicholas Joseph | D46: 45530 | E46: ='[2]Evalution 25'!C36 -> Dubai | F46: ='[2]Evalution 25'!E36 -> Senior Traffic Executive - Digital | G46: ='[2]Evalution 25'!D36 -> Traffic | H46: - | I46: - | J46: =IF(COUNT(H46:I46)>0,AVERAGEIF(H46:I46,">=0"), IF(AND(ISNUMBER(D46),D46<=DATE(2023,12,31)),"NR","NA")) -> NA | K46: ='[2]Evalutaion 24'!G30 -> 3.1 | L46: ='[2]Evalutaion 24'!H30 -> 3.3 | M46: =IF(COUNT(K46:L46)>0,AVERAGEIF(K46:L46,">=0"), IF(AND(ISNUMBER(D46),D46<=DATE(2024,12,31)),"NR","NA")) -> 3.2 | N46: ='[2]Evalution 25'!G36 -> 4 | O46: ='[2]Evalution 25'!H36 -> 3.8 | P46: =IF(COUNT(N46:O46)>0,AVERAGEIF(N46:O46,">=0"), IF(AND(ISNUMBER(D46),D46<=DATE(2025,12,31)),"NR","NA")) -> 3.9 | Q46: =AVERAGE(J46,M46,P46,) -> 2.3666667 | R46: =IF(P46="","", IF(OR(P46="NR",P46="NA"),"NA", IF(P46<3,"Poor", IF(P46<3.8,"Average","High") ))) -> High | S46: =IFERROR( _xlfn.XLOOKUP(Q46,[2]Result!$A$7:$A$15,[2]Result!$C$7:$C$15,"Out of range",-1),"N/A") -> 2A | T46: =IF($D46>DATE(2023,12,31),"NA",IF(J46="","NR",J46)) -> NA | U46: {=IF(OR(J46="NA",J46="NR",ISBLANK(J46)),J46,IFERROR(INDEX([2]Result!$C$7:$C$15,MATCH(1,(J46>=[2]Result!$A$7:$A$15)*(J46<=[2]Result!$B$7:$B$15),0)), "NA"))} -> NA | V46: =IF($D46>DATE(2024,12,31),"NA",IF(M46="","NR",M46)) -> 3.2 | W46: {=IF(OR(M46="NA",M46="NR",ISBLANK(M46)),M46,IFERROR(INDEX([2]Result!$C$7:$C$15,MATCH(1,(M46>=[2]Result!$A$7:$A$15)*(M46<=[2]Result!$B$7:$B$15),0)), "NA"))} -> 2C
A47: 36 | B47: 49401 | C47: ='[2]Evalution 25'!B37 -> Dana Reda Rasmy Boraey | D47: 45474 | E47: ='[2]Evalution 25'!C37 -> Dubai | F47: ='[2]Evalution 25'!E37 -> Client Growth Executive | G47: ='[2]Evalution 25'!D37 -> Client Growth | H47: - | I47: - | J47: =IF(COUNT(H47:I47)>0,AVERAGEIF(H47:I47,">=0"), IF(AND(ISNUMBER(D47),D47<=DATE(2023,12,31)),"NR","NA")) -> NA | K47: ='[2]Evalutaion 24'!G31 -> 3.9 | L47: ='[2]Evalutaion 24'!H31 -> 3.8 | M47: =IF(COUNT(K47:L47)>0,AVERAGEIF(K47:L47,">=0"), IF(AND(ISNUMBER(D47),D47<=DATE(2024,12,31)),"NR","NA")) -> 3.85 | N47: ='[2]Evalution 25'!G37 -> 3.8 | O47: ='[2]Evalution 25'!H37 -> 4 | P47: =IF(COUNT(N47:O47)>0,AVERAGEIF(N47:O47,">=0"), IF(AND(ISNUMBER(D47),D47<=DATE(2025,12,31)),"NR","NA")) -> 3.9 | Q47: =AVERAGE(J47,M47,P47,) -> 2.5833333 | R47: =IF(P47="","", IF(OR(P47="NR",P47="NA"),"NA", IF(P47<3,"Poor", IF(P47<3.8,"Average","High") ))) -> High | S47: =IFERROR( _xlfn.XLOOKUP(Q47,[2]Result!$A$7:$A$15,[2]Result!$C$7:$C$15,"Out of range",-1),"N/A") -> 2A | T47: =IF($D47>DATE(2023,12,31),"NA",IF(J47="","NR",J47)) -> NA | U47: {=IF(OR(J47="NA",J47="NR",ISBLANK(J47)),J47,IFERROR(INDEX([2]Result!$C$7:$C$15,MATCH(1,(J47>=[2]Result!$A$7:$A$15)*(J47<=[2]Result!$B$7:$B$15),0)), "NA"))} -> NA | V47: =IF($D47>DATE(2024,12,31),"NA",IF(M47="","NR",M47)) -> 3.85 | W47: {=IF(OR(M47="NA",M47="NR",ISBLANK(M47)),M47,IFERROR(INDEX([2]Result!$C$7:$C$15,MATCH(1,(M47>=[2]Result!$A$7:$A$15)*(M47<=[2]Result!$B$7:$B$15),0)), "NA"))} -> 3A
A48: 37 | B48: 10325 | C48: ='[2]Evalution 25'!B38 -> Dana Tfaili | D48: 44228 | E48: ='[2]Evalution 25'!C38 -> Dubai | F48: ='[2]Evalution 25'!E38 -> Content Solutions Manager | G48: ='[2]Evalution 25'!D38 -> Content Solutions | H48: ='[2]Evalutaion 23'!G27 -> 3.5 | I48: ='[2]Evalutaion 23'!H27 -> 3.7 | J48: =IF(COUNT(H48:I48)>0,AVERAGEIF(H48:I48,">=0"), IF(AND(ISNUMBER(D48),D48<=DATE(2023,12,31)),"NR","NA")) -> 3.6 | K48: ='[2]Evalutaion 24'!G32 -> 3.9 | L48: ='[2]Evalutaion 24'!H32 -> 3.3 | M48: =IF(COUNT(K48:L48)>0,AVERAGEIF(K48:L48,">=0"), IF(AND(ISNUMBER(D48),D48<=DATE(2024,12,31)),"NR","NA")) -> 3.6 | N48: ='[2]Evalution 25'!G38 -> 3.5 | O48: ='[2]Evalution 25'!H38 -> 3.2 | P48: =IF(COUNT(N48:O48)>0,AVERAGEIF(N48:O48,">=0"), IF(AND(ISNUMBER(D48),D48<=DATE(2025,12,31)),"NR","NA")) -> 3.35 | Q48: =AVERAGE(J48,M48,P48,) -> 2.6375 | R48: =IF(P48="","", IF(OR(P48="NR",P48="NA"),"NA", IF(P48<3,"Poor", IF(P48<3.8,"Average","High") ))) -> Average | S48: =IFERROR( _xlfn.XLOOKUP(Q48,[2]Result!$A$7:$A$15,[2]Result!$C$7:$C$15,"Out of range",-1),"N/A") -> 2B | T48: =IF($D48>DATE(2023,12,31),"NA",IF(J48="","NR",J48)) -> 3.6 | U48: {=IF(OR(J48="NA",J48="NR",ISBLANK(J48)),J48,IFERROR(INDEX([2]Result!$C$7:$C$15,MATCH(1,(J48>=[2]Result!$A$7:$A$15)*(J48<=[2]Result!$B$7:$B$15),0)), "NA"))} -> 3A | V48: =IF($D48>DATE(2024,12,31),"NA",IF(M48="","NR",M48)) -> 3.6 | W48: {=IF(OR(M48="NA",M48="NR",ISBLANK(M48)),M48,IFERROR(INDEX([2]Result!$C$7:$C$15,MATCH(1,(M48>=[2]Result!$A$7:$A$15)*(M48<=[2]Result!$B$7:$B$15),0)), "NA"))} -> 3A
A49: 38 | B49: 50717 | C49: ='[2]Evalution 25'!B39 -> Diana Soukar | D49: 45858 | E49: ='[2]Evalution 25'!C39 -> Riyadh | F49: ='[2]Evalution 25'!E39 -> Audience Strategy Manager | G49: ='[2]Evalution 25'!D39 -> Research | H49: - | I49: - | J49: =IF(COUNT(H49:I49)>0,AVERAGEIF(H49:I49,">=0"), IF(AND(ISNUMBER(D49),D49<=DATE(2023,12,31)),"NR","NA")) -> NA | K49: - | L49: - | M49: =IF(COUNT(K49:L49)>0,AVERAGEIF(K49:L49,">=0"), IF(AND(ISNUMBER(D49),D49<=DATE(2024,12,31)),"NR","NA")) -> NA | N49: ='[2]Evalution 25'!G39 -> 0 | O49: ='[2]Evalution 25'!H39 -> 4 | P49: =IF(COUNT(N49:O49)>0,AVERAGEIF(N49:O49,">=0"), IF(AND(ISNUMBER(D49),D49<=DATE(2025,12,31)),"NR","NA")) -> 2 | Q49: =AVERAGE(J49,M49,P49,) -> 1 | R49: =IF(P49="","", IF(OR(P49="NR",P49="NA"),"NA", IF(P49<3,"Poor", IF(P49<3.8,"Average","High") ))) -> Poor | S49: =IFERROR( _xlfn.XLOOKUP(Q49,[2]Result!$A$7:$A$15,[2]Result!$C$7:$C$15,"Out of range",-1),"N/A") -> 1A | T49: =IF($D49>DATE(2023,12,31),"NA",IF(J49="","NR",J49)) -> NA | U49: {=IF(OR(J49="NA",J49="NR",ISBLANK(J49)),J49,IFERROR(INDEX([2]Result!$C$7:$C$15,MATCH(1,(J49>=[2]Result!$A$7:$A$15)*(J49<=[2]Result!$B$7:$B$15),0)), "NA"))} -> NA | V49: =IF($D49>DATE(2024,12,31),"NA",IF(M49="","NR",M49)) -> NA | W49: {=IF(OR(M49="NA",M49="NR",ISBLANK(M49)),M49,IFERROR(INDEX([2]Result!$C$7:$C$15,MATCH(1,(M49>=[2]Result!$A$7:$A$15)*(M49<=[2]Result!$B$7:$B$15),0)), "NA"))} -> NA
A50: 39 | B50: 6659 | C50: ='[2]Evalution 25'!B40 -> Dina Anwar | D50: 44829 | E50: ='[2]Evalution 25'!C40 -> Cairo | F50: ='[2]Evalution 25'!E40 -> Admin Assistant | G50: ='[2]Evalution 25'!D40 -> Admin | H50: ='[2]Evalutaion 23'!G28 -> 3 | I50: ='[2]Evalutaion 23'!H28 -> 3 | J50: =IF(COUNT(H50:I50)>0,AVERAGEIF(H50:I50,">=0"), IF(AND(ISNUMBER(D50),D50<=DATE(2023,12,31)),"NR","NA")) -> 3 | K50: ='[2]Evalutaion 24'!G33 -> 3.5 | L50: ='[2]Evalutaion 24'!H33 -> 3.3 | M50: =IF(COUNT(K50:L50)>0,AVERAGEIF(K50:L50,">=0"), IF(AND(ISNUMBER(D50),D50<=DATE(2024,12,31)),"NR","NA")) -> 3.4 | N50: ='[2]Evalution 25'!G40 -> 3.2 | O50: ='[2]Evalution 25'!H40 -> 3.3 | P50: =IF(COUNT(N50:O50)>0,AVERAGEIF(N50:O50,">=0"), IF(AND(ISNUMBER(D50),D50<=DATE(2025,12,31)),"NR","NA")) -> 3.25 | Q50: =AVERAGE(J50,M50,P50,) -> 2.4125 | R50: =IF(P50="","", IF(OR(P50="NR",P50="NA"),"NA", IF(P50<3,"Poor", IF(P50<3.8,"Average","High") ))) -> Average | S50: =IFERROR( _xlfn.XLOOKUP(Q50,[2]Result!$A$7:$A$15,[2]Result!$C$7:$C$15,"Out of range",-1),"N/A") -> 2A | T50: =IF($D50>DATE(2023,12,31),"NA",IF(J50="","NR",J50)) -> 3 | U50: {=IF(OR(J50="NA",J50="NR",ISBLANK(J50)),J50,IFERROR(INDEX([2]Result!$C$7:$C$15,MATCH(1,(J50>=[2]Result!$A$7:$A$15)*(J50<=[2]Result!$B$7:$B$15),0)), "NA"))} -> 2B | V50: =IF($D50>DATE(2024,12,31),"NA",IF(M50="","NR",M50)) -> 3.4 | W50: {=IF(OR(M50="NA",M50="NR",ISBLANK(M50)),M50,IFERROR(INDEX([2]Result!$C$7:$C$15,MATCH(1,(M50>=[2]Result!$A$7:$A$15)*(M50<=[2]Result!$B$7:$B$15),0)), "NA"))} -> 2C
A51: 40 | B51: 50295 | C51: ='[2]Evalution 25'!B41 -> Donna Liza Rabago Aurelio | D51: 45712 | E51: ='[2]Evalution 25'!C41 -> Dubai | F51: ='[2]Evalution 25'!E41 -> Traffic Operations | G51: ='[2]Evalution 25'!D41 -> Traffic | H51: - | I51: - | J51: =IF(COUNT(H51:I51)>0,AVERAGEIF(H51:I51,">=0"), IF(AND(ISNUMBER(D51),D51<=DATE(2023,12,31)),"NR","NA")) -> NA | K51: - | L51: - | M51: =IF(COUNT(K51:L51)>0,AVERAGEIF(K51:L51,">=0"), IF(AND(ISNUMBER(D51),D51<=DATE(2024,12,31)),"NR","NA")) -> NA | N51: ='[2]Evalution 25'!G41 -> 3.6 | O51: ='[2]Evalution 25'!H41 -> 4 | P51: =IF(COUNT(N51:O51)>0,AVERAGEIF(N51:O51,">=0"), IF(AND(ISNUMBER(D51),D51<=DATE(2025,12,31)),"NR","NA")) -> 3.8 | Q51: =AVERAGE(J51,M51,P51,) -> 1.9 | R51: =IF(P51="","", IF(OR(P51="NR",P51="NA"),"NA", IF(P51<3,"Poor", IF(P51<3.8,"Average","High") ))) -> High | S51: =IFERROR( _xlfn.XLOOKUP(Q51,[2]Result!$A$7:$A$15,[2]Result!$C$7:$C$15,"Out of range",-1),"N/A") -> 1C | T51: =IF($D51>DATE(2023,12,31),"NA",IF(J51="","NR",J51)) -> NA | U51: {=IF(OR(J51="NA",J51="NR",ISBLANK(J51)),J51,IFERROR(INDEX([2]Result!$C$7:$C$15,MATCH(1,(J51>=[2]Result!$A$7:$A$15)*(J51<=[2]Result!$B$7:$B$15),0)), "NA"))} -> NA | V51: =IF($D51>DATE(2024,12,31),"NA",IF(M51="","NR",M51)) -> NA | W51: {=IF(OR(M51="NA",M51="NR",ISBLANK(M51)),M51,IFERROR(INDEX([2]Result!$C$7:$C$15,MATCH(1,(M51>=[2]Result!$A$7:$A$15)*(M51<=[2]Result!$B$7:$B$15),0)), "NA"))} -> NA
A52: 41 | B52: 48804 | C52: ='[2]Evalution 25'!B42 -> Elaf Khalid Almane | D52: 45319 | E52: ='[2]Evalution 25'!C42 -> Riyadh | F52: ='[2]Evalution 25'!E42 -> Client Growth Senior Executive | G52: ='[2]Evalution 25'!D42 -> Client Growth | H52: - | I52: - | J52: =IF(COUNT(H52:I52)>0,AVERAGEIF(H52:I52,">=0"), IF(AND(ISNUMBER(D52),D52<=DATE(2023,12,31)),"NR","NA")) -> NA | K52: ='[2]Evalutaion 24'!G34 -> 4.2 | L52: ='[2]Evalutaion 24'!H34 -> 4.2 | M52: =IF(COUNT(K52:L52)>0,AVERAGEIF(K52:L52,">=0"), IF(AND(ISNUMBER(D52),D52<=DATE(2024,12,31)),"NR","NA")) -> 4.2 | N52: ='[2]Evalution 25'!G42 -> 4.8 | O52: ='[2]Evalution 25'!H42 -> 4.7 | P52: =IF(COUNT(N52:O52)>0,AVERAGEIF(N52:O52,">=0"), IF(AND(ISNUMBER(D52),D52<=DATE(2025,12,31)),"NR","NA")) -> 4.75 | Q52: =AVERAGE(J52,M52,P52,) -> 2.9833333 | R52: =IF(P52="","", IF(OR(P52="NR",P52="NA"),"NA", IF(P52<3,"Poor", IF(P52<3.8,"Average","High") ))) -> High | S52: =IFERROR( _xlfn.XLOOKUP(Q52,[2]Result!$A$7:$A$15,[2]Result!$C$7:$C$15,"Out of range",-1),"N/A") -> 2B | T52: =IF($D52>DATE(2023,12,31),"NA",IF(J52="","NR",J52)) -> NA | U52: {=IF(OR(J52="NA",J52="NR",ISBLANK(J52)),J52,IFERROR(INDEX([2]Result!$C$7:$C$15,MATCH(1,(J52>=[2]Result!$A$7:$A$15)*(J52<=[2]Result!$B$7:$B$15),0)), "NA"))} -> NA | V52: =IF($D52>DATE(2024,12,31),"NA",IF(M52="","NR",M52)) -> 4.2 | W52: {=IF(OR(M52="NA",M52="NR",ISBLANK(M52)),M52,IFERROR(INDEX([2]Result!$C$7:$C$15,MATCH(1,(M52>=[2]Result!$A$7:$A$15)*(M52<=[2]Result!$B$7:$B$15),0)), "NA"))} -> 3B
A53: 42 | B53: 49495 | C53: ='[2]Evalution 25'!B43 -> Elie Tanios Raad | D53: 45558 | E53: ='[2]Evalution 25'!C43 -> Dubai | F53: ='[2]Evalution 25'!E43 -> Content Solutions Director | G53: ='[2]Evalution 25'!D43 -> Content Solutions | H53: - | I53: - | J53: =IF(COUNT(H53:I53)>0,AVERAGEIF(H53:I53,">=0"), IF(AND(ISNUMBER(D53),D53<=DATE(2023,12,31)),"NR","NA")) -> NA | K53: ='[2]Evalutaion 24'!G35 -> 0 | L53: ='[2]Evalutaion 24'!H35 -> 4.3 | M53: =IF(COUNT(K53:L53)>0,AVERAGEIF(K53:L53,">=0"), IF(AND(ISNUMBER(D53),D53<=DATE(2024,12,31)),"NR","NA")) -> 2.15 | N53: ='[2]Evalution 25'!G43 -> 3.8 | O53: ='[2]Evalution 25'!H43 -> 3.8 | P53: =IF(COUNT(N53:O53)>0,AVERAGEIF(N53:O53,">=0"), IF(AND(ISNUMBER(D53),D53<=DATE(2025,12,31)),"NR","NA")) -> 3.8 | Q53: =AVERAGE(J53,M53,P53,) -> 1.9833333 | R53: =IF(P53="","", IF(OR(P53="NR",P53="NA"),"NA", IF(P53<3,"Poor", IF(P53<3.8,"Average","High") ))) -> High | S53: =IFERROR( _xlfn.XLOOKUP(Q53,[2]Result!$A$7:$A$15,[2]Result!$C$7:$C$15,"Out of range",-1),"N/A") -> 1C | T53: =IF($D53>DATE(2023,12,31),"NA",IF(J53="","NR",J53)) -> NA | U53: {=IF(OR(J53="NA",J53="NR",ISBLANK(J53)),J53,IFERROR(INDEX([2]Result!$C$7:$C$15,MATCH(1,(J53>=[2]Result!$A$7:$A$15)*(J53<=[2]Result!$B$7:$B$15),0)), "NA"))} -> NA | V53: =IF($D53>DATE(2024,12,31),"NA",IF(M53="","NR",M53)) -> 2.15 | W53: {=IF(OR(M53="NA",M53="NR",ISBLANK(M53)),M53,IFERROR(INDEX([2]Result!$C$7:$C$15,MATCH(1,(M53>=[2]Result!$A$7:$A$15)*(M53<=[2]Result!$B$7:$B$15),0)), "NA"))} -> 2A
A54: 43 | B54: 47687 | C54: ='[2]Evalution 25'!B44 -> Elio Souheil Khoury | D54: 45124 | E54: ='[2]Evalution 25'!C44 -> Dubai | F54: ='[2]Evalution 25'!E44 -> Self Serve Manager | G54: ='[2]Evalution 25'!D44 -> Client Growth | H54: ='[2]Evalutaion 23'!G29 -> 0 | I54: ='[2]Evalutaion 23'!H29 -> 3.3 | J54: =IF(COUNT(H54:I54)>0,AVERAGEIF(H54:I54,">=0"), IF(AND(ISNUMBER(D54),D54<=DATE(2023,12,31)),"NR","NA")) -> 1.65 | K54: ='[2]Evalutaion 24'!G36 -> 3.6 | L54: ='[2]Evalutaion 24'!H36 -> 3.8 | M54: =IF(COUNT(K54:L54)>0,AVERAGEIF(K54:L54,">=0"), IF(AND(ISNUMBER(D54),D54<=DATE(2024,12,31)),"NR","NA")) -> 3.7 | N54: ='[2]Evalution 25'!G44 -> 3.4 | O54: ='[2]Evalution 25'!H44 -> 3.7 | P54: =IF(COUNT(N54:O54)>0,AVERAGEIF(N54:O54,">=0"), IF(AND(ISNUMBER(D54),D54<=DATE(2025,12,31)),"NR","NA")) -> 3.55 | Q54: =AVERAGE(J54,M54,P54,) -> 2.225 | R54: =IF(P54="","", IF(OR(P54="NR",P54="NA"),"NA", IF(P54<3,"Poor", IF(P54<3.8,"Average","High") ))) -> Average | S54: =IFERROR( _xlfn.XLOOKUP(Q54,[2]Result!$A$7:$A$15,[2]Result!$C$7:$C$15,"Out of range",-1),"N/A") -> 2A | T54: =IF($D54>DATE(2023,12,31),"NA",IF(J54="","NR",J54)) -> 1.65 | U54: {=IF(OR(J54="NA",J54="NR",ISBLANK(J54)),J54,IFERROR(INDEX([2]Result!$C$7:$C$15,MATCH(1,(J54>=[2]Result!$A$7:$A$15)*(J54<=[2]Result!$B$7:$B$15),0)), "NA"))} -> 1C | V54: =IF($D54>DATE(2024,12,31),"NA",IF(M54="","NR",M54)) -> 3.7 | W54: {=IF(OR(M54="NA",M54="NR",ISBLANK(M54)),M54,IFERROR(INDEX([2]Result!$C$7:$C$15,MATCH(1,(M54>=[2]Result!$A$7:$A$15)*(M54<=[2]Result!$B$7:$B$15),0)), "NA"))} -> 3A
A55: 44 | B55: 47515 | C55: ='[2]Evalution 25'!B45 -> Eslam Emad Mohamed Ahmed Elfouly | D55: 45013 | E55: ='[2]Evalution 25'!C45 -> Cairo | F55: ='[2]Evalution 25'!E45 -> Client Service Senior Supervisor | G55: ='[2]Evalution 25'!D45 -> Agency Partnerships | H55: ='[2]Evalutaion 23'!G30 -> 4 | I55: ='[2]Evalutaion 23'!H30 -> 3.5 | J55: =IF(COUNT(H55:I55)>0,AVERAGEIF(H55:I55,">=0"), IF(AND(ISNUMBER(D55),D55<=DATE(2023,12,31)),"NR","NA")) -> 3.75 | K55: ='[2]Evalutaion 24'!G37 -> 3.3 | L55: ='[2]Evalutaion 24'!H37 -> 3 | M55: =IF(COUNT(K55:L55)>0,AVERAGEIF(K55:L55,">=0"), IF(AND(ISNUMBER(D55),D55<=DATE(2024,12,31)),"NR","NA")) -> 3.15 | N55: ='[2]Evalution 25'!G45 -> 3.8 | O55: ='[2]Evalution 25'!H45 -> 3.5 | P55: =IF(COUNT(N55:O55)>0,AVERAGEIF(N55:O55,">=0"), IF(AND(ISNUMBER(D55),D55<=DATE(2025,12,31)),"NR","NA")) -> 3.65 | Q55: =AVERAGE(J55,M55,P55,) -> 2.6375 | R55: =IF(P55="","", IF(OR(P55="NR",P55="NA"),"NA", IF(P55<3,"Poor", IF(P55<3.8,"Average","High") ))) -> Average | S55: =IFERROR( _xlfn.XLOOKUP(Q55,[2]Result!$A$7:$A$15,[2]Result!$C$7:$C$15,"Out of range",-1),"N/A") -> 2B | T55: =IF($D55>DATE(2023,12,31),"NA",IF(J55="","NR",J55)) -> 3.75 | U55: {=IF(OR(J55="NA",J55="NR",ISBLANK(J55)),J55,IFERROR(INDEX([2]Result!$C$7:$C$15,MATCH(1,(J55>=[2]Result!$A$7:$A$15)*(J55<=[2]Result!$B$7:$B$15),0)), "NA"))} -> 3A | V55: =IF($D55>DATE(2024,12,31),"NA",IF(M55="","NR",M55)) -> 3.15 | W55: {=IF(OR(M55="NA",M55="NR",ISBLANK(M55)),M55,IFERROR(INDEX([2]Result!$C$7:$C$15,MATCH(1,(M55>=[2]Result!$A$7:$A$15)*(M55<=[2]Result!$B$7:$B$15),0)), "NA"))} -> 2C
A56: 45 | B56: 47875 | C56: ='[2]Evalution 25'!B46 -> Meera Merlyn D'Souza | D56: 45139 | E56: ='[2]Evalution 25'!C46 -> Dubai | F56: ='[2]Evalution 25'!E46 -> Senior Accountant-MMS | G56: ='[2]Evalution 25'!D46 -> Finance | H56: ='[2]Evalutaion 23'!G31 -> 0 | I56: ='[2]Evalutaion 23'!H31 -> 3 | J56: =IF(COUNT(H56:I56)>0,AVERAGEIF(H56:I56,">=0"), IF(AND(ISNUMBER(D56),D56<=DATE(2023,12,31)),"NR","NA")) -> 1.5 | K56: ='[2]Evalutaion 24'!G38 -> 3.2 | L56: ='[2]Evalutaion 24'!H38 -> 3.2 | M56: =IF(COUNT(K56:L56)>0,AVERAGEIF(K56:L56,">=0"), IF(AND(ISNUMBER(D56),D56<=DATE(2024,12,31)),"NR","NA")) -> 3.2 | N56: ='[2]Evalution 25'!G46 -> 4.5 | O56: ='[2]Evalution 25'!H46 -> 4.8 | P56: =IF(COUNT(N56:O56)>0,AVERAGEIF(N56:O56,">=0"), IF(AND(ISNUMBER(D56),D56<=DATE(2025,12,31)),"NR","NA")) -> 4.65 | Q56: =AVERAGE(J56,M56,P56,) -> 2.3375 | R56: =IF(P56="","", IF(OR(P56="NR",P56="NA"),"NA", IF(P56<3,"Poor", IF(P56<3.8,"Average","High") ))) -> High | S56: =IFERROR( _xlfn.XLOOKUP(Q56,[2]Result!$A$7:$A$15,[2]Result!$C$7:$C$15,"Out of range",-1),"N/A") -> 2A | T56: =IF($D56>DATE(2023,12,31),"NA",IF(J56="","NR",J56)) -> 1.5 | U56: {=IF(OR(J56="NA",J56="NR",ISBLANK(J56)),J56,IFERROR(INDEX([2]Result!$C$7:$C$15,MATCH(1,(J56>=[2]Result!$A$7:$A$15)*(J56<=[2]Result!$B$7:$B$15),0)), "NA"))} -> 1B | V56: =IF($D56>DATE(2024,12,31),"NA",IF(M56="","NR",M56)) -> 3.2 | W56: {=IF(OR(M56="NA",M56="NR",ISBLANK(M56)),M56,IFERROR(INDEX([2]Result!$C$7:$C$15,MATCH(1,(M56>=[2]Result!$A$7:$A$15)*(M56<=[2]Result!$B$7:$B$15),0)), "NA"))} -> 2C
A57: 46 | B57: 49925 | C57: ='[2]Evalution 25'!B47 -> Fadwa Mahmoud Abdelsamad abdelgelel | D57: 45597 | E57: ='[2]Evalution 25'!C47 -> Cairo | F57: ='[2]Evalution 25'!E47 -> Client Service Executive | G57: ='[2]Evalution 25'!D47 -> Agency Partnerships | H57: - | I57: - | J57: =IF(COUNT(H57:I57)>0,AVERAGEIF(H57:I57,">=0"), IF(AND(ISNUMBER(D57),D57<=DATE(2023,12,31)),"NR","NA")) -> NA | K57: - | L57: - | M57: =IF(COUNT(K57:L57)>0,AVERAGEIF(K57:L57,">=0"), IF(AND(ISNUMBER(D57),D57<=DATE(2024,12,31)),"NR","NA")) -> NR | N57: ='[2]Evalution 25'!G47 -> 4.3 | O57: ='[2]Evalution 25'!H47 -> 4 | P57: =IF(COUNT(N57:O57)>0,AVERAGEIF(N57:O57,">=0"), IF(AND(ISNUMBER(D57),D57<=DATE(2025,12,31)),"NR","NA")) -> 4.15 | Q57: =AVERAGE(J57,M57,P57,) -> 2.075 | R57: =IF(P57="","", IF(OR(P57="NR",P57="NA"),"NA", IF(P57<3,"Poor", IF(P57<3.8,"Average","High") ))) -> High | S57: =IFERROR( _xlfn.XLOOKUP(Q57,[2]Result!$A$7:$A$15,[2]Result!$C$7:$C$15,"Out of range",-1),"N/A") -> 1C | T57: =IF($D57>DATE(2023,12,31),"NA",IF(J57="","NR",J57)) -> NA | U57: {=IF(OR(J57="NA",J57="NR",ISBLANK(J57)),J57,IFERROR(INDEX([2]Result!$C$7:$C$15,MATCH(1,(J57>=[2]Result!$A$7:$A$15)*(J57<=[2]Result!$B$7:$B$15),0)), "NA"))} -> NA | V57: =IF($D57>DATE(2024,12,31),"NA",IF(M57="","NR",M57)) -> NR | W57: {=IF(OR(M57="NA",M57="NR",ISBLANK(M57)),M57,IFERROR(INDEX([2]Result!$C$7:$C$15,MATCH(1,(M57>=[2]Result!$A$7:$A$15)*(M57<=[2]Result!$B$7:$B$15),0)), "NA"))} -> NR
A58: 47 | B58: 31252 | C58: ='[2]Evalution 25'!B48 -> Fahad Ali Saad Aldosaree | D58: 44440 | E58: ='[2]Evalution 25'!C48 -> Riyadh | F58: ='[2]Evalution 25'!E48 -> Client Growth Director | G58: ='[2]Evalution 25'!D48 -> Client Growth | H58: ='[2]Evalutaion 23'!G32 -> 4.6 | I58: ='[2]Evalutaion 23'!H32 -> 4 | J58: =IF(COUNT(H58:I58)>0,AVERAGEIF(H58:I58,">=0"), IF(AND(ISNUMBER(D58),D58<=DATE(2023,12,31)),"NR","NA")) -> 4.3 | K58: ='[2]Evalutaion 24'!G39 -> 4.6 | L58: ='[2]Evalutaion 24'!H39 -> 4.7 | M58: =IF(COUNT(K58:L58)>0,AVERAGEIF(K58:L58,">=0"), IF(AND(ISNUMBER(D58),D58<=DATE(2024,12,31)),"NR","NA")) -> 4.65 | N58: ='[2]Evalution 25'!G48 -> 0 | O58: ='[2]Evalution 25'!H48 -> 0 | P58: =IF(COUNT(N58:O58)>0,AVERAGEIF(N58:O58,">=0"), IF(AND(ISNUMBER(D58),D58<=DATE(2025,12,31)),"NR","NA")) -> 0 | Q58: =AVERAGE(J58,M58,P58,) -> 2.2375 | R58: =IF(P58="","", IF(OR(P58="NR",P58="NA"),"NA", IF(P58<3,"Poor", IF(P58<3.8,"Average","High") ))) -> Poor | S58: =IFERROR( _xlfn.XLOOKUP(Q58,[2]Result!$A$7:$A$15,[2]Result!$C$7:$C$15,"Out of range",-1),"N/A") -> 2A | T58: =IF($D58>DATE(2023,12,31),"NA",IF(J58="","NR",J58)) -> 4.3 | U58: {=IF(OR(J58="NA",J58="NR",ISBLANK(J58)),J58,IFERROR(INDEX([2]Result!$C$7:$C$15,MATCH(1,(J58>=[2]Result!$A$7:$A$15)*(J58<=[2]Result!$B$7:$B$15),0)), "NA"))} -> 3B | V58: =IF($D58>DATE(2024,12,31),"NA",IF(M58="","NR",M58)) -> 4.65 | W58: {=IF(OR(M58="NA",M58="NR",ISBLANK(M58)),M58,IFERROR(INDEX([2]Result!$C$7:$C$15,MATCH(1,(M58>=[2]Result!$A$7:$A$15)*(M58<=[2]Result!$B$7:$B$15),0)), "NA"))} -> 3C
A59: 48 | B59: 31253 | C59: ='[2]Evalution 25'!B49 -> Faisal Hamdan Shreda Alanazi | D59: 44444 | E59: ='[2]Evalution 25'!C49 -> Riyadh | F59: ='[2]Evalution 25'!E49 -> Client Growth Senior Executive | G59: ='[2]Evalution 25'!D49 -> Client Growth | H59: ='[2]Evalutaion 23'!G33 -> 4.2 | I59: ='[2]Evalutaion 23'!H33 -> 4.5 | J59: =IF(COUNT(H59:I59)>0,AVERAGEIF(H59:I59,">=0"), IF(AND(ISNUMBER(D59),D59<=DATE(2023,12,31)),"NR","NA")) -> 4.35 | K59: ='[2]Evalutaion 24'!G40 -> 5 | L59: ='[2]Evalutaion 24'!H40 -> 5 | M59: =IF(COUNT(K59:L59)>0,AVERAGEIF(K59:L59,">=0"), IF(AND(ISNUMBER(D59),D59<=DATE(2024,12,31)),"NR","NA")) -> 5 | N59: ='[2]Evalution 25'!G49 -> 4.9 | O59: ='[2]Evalution 25'!H49 -> 4.5 | P59: =IF(COUNT(N59:O59)>0,AVERAGEIF(N59:O59,">=0"), IF(AND(ISNUMBER(D59),D59<=DATE(2025,12,31)),"NR","NA")) -> 4.7 | Q59: =AVERAGE(J59,M59,P59,) -> 3.5125 | R59: =IF(P59="","", IF(OR(P59="NR",P59="NA"),"NA", IF(P59<3,"Poor", IF(P59<3.8,"Average","High") ))) -> High | S59: =IFERROR( _xlfn.XLOOKUP(Q59,[2]Result!$A$7:$A$15,[2]Result!$C$7:$C$15,"Out of range",-1),"N/A") -> 2C | T59: =IF($D59>DATE(2023,12,31),"NA",IF(J59="","NR",J59)) -> 4.35 | U59: {=IF(OR(J59="NA",J59="NR",ISBLANK(J59)),J59,IFERROR(INDEX([2]Result!$C$7:$C$15,MATCH(1,(J59>=[2]Result!$A$7:$A$15)*(J59<=[2]Result!$B$7:$B$15),0)), "NA"))} -> 3B | V59: =IF($D59>DATE(2024,12,31),"NA",IF(M59="","NR",M59)) -> 5 | W59: {=IF(OR(M59="NA",M59="NR",ISBLANK(M59)),M59,IFERROR(INDEX([2]Result!$C$7:$C$15,MATCH(1,(M59>=[2]Result!$A$7:$A$15)*(M59<=[2]Result!$B$7:$B$15),0)), "NA"))} -> 3C
A60: 49 | B60: 48344 | C60: ='[2]Evalution 25'!B50 -> Melody Noblejas | D60: 45239 | E60: ='[2]Evalution 25'!C50 -> Dubai | F60: ='[2]Evalution 25'!E50 -> Finance Supervisor-MMS | G60: ='[2]Evalution 25'!D50 -> Finance | H60: - | I60: - | J60: =IF(COUNT(H60:I60)>0,AVERAGEIF(H60:I60,">=0"), IF(AND(ISNUMBER(D60),D60<=DATE(2023,12,31)),"NR","NA")) -> NR | K60: ='[2]Evalutaion 24'!G41 -> 3.3 | L60: ='[2]Evalutaion 24'!H41 -> 3.5 | M60: =IF(COUNT(K60:L60)>0,AVERAGEIF(K60:L60,">=0"), IF(AND(ISNUMBER(D60),D60<=DATE(2024,12,31)),"NR","NA")) -> 3.4 | N60: ='[2]Evalution 25'!G50 -> 4.3 | O60: ='[2]Evalution 25'!H50 -> 5 | P60: =IF(COUNT(N60:O60)>0,AVERAGEIF(N60:O60,">=0"), IF(AND(ISNUMBER(D60),D60<=DATE(2025,12,31)),"NR","NA")) -> 4.65 | Q60: =AVERAGE(J60,M60,P60,) -> 2.6833333 | R60: =IF(P60="","", IF(OR(P60="NR",P60="NA"),"NA", IF(P60<3,"Poor", IF(P60<3.8,"Average","High") ))) -> High | S60: =IFERROR( _xlfn.XLOOKUP(Q60,[2]Result!$A$7:$A$15,[2]Result!$C$7:$C$15,"Out of range",-1),"N/A") -> 2B | T60: =IF($D60>DATE(2023,12,31),"NA",IF(J60="","NR",J60)) -> NR | U60: {=IF(OR(J60="NA",J60="NR",ISBLANK(J60)),J60,IFERROR(INDEX([2]Result!$C$7:$C$15,MATCH(1,(J60>=[2]Result!$A$7:$A$15)*(J60<=[2]Result!$B$7:$B$15),0)), "NA"))} -> NR | V60: =IF($D60>DATE(2024,12,31),"NA",IF(M60="","NR",M60)) -> 3.4 | W60: {=IF(OR(M60="NA",M60="NR",ISBLANK(M60)),M60,IFERROR(INDEX([2]Result!$C$7:$C$15,MATCH(1,(M60>=[2]Result!$A$7:$A$15)*(M60<=[2]Result!$B$7:$B$15),0)), "NA"))} -> 2C
A61: 50 | B61: 48090 | C61: ='[2]Evalution 25'!B51 -> Fatema karim Ashraf Ali Mahgoub | D61: 45186 | E61: ='[2]Evalution 25'!C51 -> Cairo | F61: ='[2]Evalution 25'!E51 -> Client Service Executive | G61: ='[2]Evalution 25'!D51 -> Agency Partnerships | H61: ='[2]Evalutaion 23'!G34 -> 3 | I61: ='[2]Evalutaion 23'!H34 -> 3 | J61: =IF(COUNT(H61:I61)>0,AVERAGEIF(H61:I61,">=0"), IF(AND(ISNUMBER(D61),D61<=DATE(2023,12,31)),"NR","NA")) -> 3 | K61: ='[2]Evalutaion 24'!G42 -> 3.2 | L61: ='[2]Evalutaion 24'!H42 -> 3.8 | M61: =IF(COUNT(K61:L61)>0,AVERAGEIF(K61:L61,">=0"), IF(AND(ISNUMBER(D61),D61<=DATE(2024,12,31)),"NR","NA")) -> 3.5 | N61: ='[2]Evalution 25'!G51 -> 3.8 | O61: ='[2]Evalution 25'!H51 -> 4.2 | P61: =IF(COUNT(N61:O61)>0,AVERAGEIF(N61:O61,">=0"), IF(AND(ISNUMBER(D61),D61<=DATE(2025,12,31)),"NR","NA")) -> 4 | Q61: =AVERAGE(J61,M61,P61,) -> 2.625 | R61: =IF(P61="","", IF(OR(P61="NR",P61="NA"),"NA", IF(P61<3,"Poor", IF(P61<3.8,"Average","High") ))) -> High | S61: =IFERROR( _xlfn.XLOOKUP(Q61,[2]Result!$A$7:$A$15,[2]Result!$C$7:$C$15,"Out of range",-1),"N/A") -> 2B | T61: =IF($D61>DATE(2023,12,31),"NA",IF(J61="","NR",J61)) -> 3 | U61: {=IF(OR(J61="NA",J61="NR",ISBLANK(J61)),J61,IFERROR(INDEX([2]Result!$C$7:$C$15,MATCH(1,(J61>=[2]Result!$A$7:$A$15)*(J61<=[2]Result!$B$7:$B$15),0)), "NA"))} -> 2B | V61: =IF($D61>DATE(2024,12,31),"NA",IF(M61="","NR",M61)) -> 3.5 | W61: {=IF(OR(M61="NA",M61="NR",ISBLANK(M61)),M61,IFERROR(INDEX([2]Result!$C$7:$C$15,MATCH(1,(M61>=[2]Result!$A$7:$A$15)*(M61<=[2]Result!$B$7:$B$15),0)), "NA"))} -> 2C
A62: 51 | B62: 6606 | C62: ='[2]Evalution 25'!B52 -> Fathy Salaheldin Nasr khedr | D62: 44451 | E62: ='[2]Evalution 25'!C52 -> Cairo | F62: ='[2]Evalution 25'!E52 -> Office Boy | G62: ='[2]Evalution 25'!D52 -> Admin | H62: ='[2]Evalutaion 23'!G35 -> 3 | I62: ='[2]Evalutaion 23'!H35 -> 3 | J62: =IF(COUNT(H62:I62)>0,AVERAGEIF(H62:I62,">=0"), IF(AND(ISNUMBER(D62),D62<=DATE(2023,12,31)),"NR","NA")) -> 3 | K62: ='[2]Evalutaion 24'!G43 -> 3 | L62: ='[2]Evalutaion 24'!H43 -> 3 | M62: =IF(COUNT(K62:L62)>0,AVERAGEIF(K62:L62,">=0"), IF(AND(ISNUMBER(D62),D62<=DATE(2024,12,31)),"NR","NA")) -> 3 | N62: ='[2]Evalution 25'!G52 -> 3.3 | O62: ='[2]Evalution 25'!H52 -> 3 | P62: =IF(COUNT(N62:O62)>0,AVERAGEIF(N62:O62,">=0"), IF(AND(ISNUMBER(D62),D62<=DATE(2025,12,31)),"NR","NA")) -> 3.15 | Q62: =AVERAGE(J62,M62,P62,) -> 2.2875 | R62: =IF(P62="","", IF(OR(P62="NR",P62="NA"),"NA", IF(P62<3,"Poor", IF(P62<3.8,"Average","High") ))) -> Average | S62: =IFERROR( _xlfn.XLOOKUP(Q62,[2]Result!$A$7:$A$15,[2]Result!$C$7:$C$15,"Out of range",-1),"N/A") -> 2A | T62: =IF($D62>DATE(2023,12,31),"NA",IF(J62="","NR",J62)) -> 3 | U62: {=IF(OR(J62="NA",J62="NR",ISBLANK(J62)),J62,IFERROR(INDEX([2]Result!$C$7:$C$15,MATCH(1,(J62>=[2]Result!$A$7:$A$15)*(J62<=[2]Result!$B$7:$B$15),0)), "NA"))} -> 2B | V62: =IF($D62>DATE(2024,12,31),"NA",IF(M62="","NR",M62)) -> 3 | W62: {=IF(OR(M62="NA",M62="NR",ISBLANK(M62)),M62,IFERROR(INDEX([2]Result!$C$7:$C$15,MATCH(1,(M62>=[2]Result!$A$7:$A$15)*(M62<=[2]Result!$B$7:$B$15),0)), "NA"))} -> 2B
A63: 52 | B63: 49191 | C63: ='[2]Evalution 25'!B53 -> Fatima Salem Aljabri | D63: 45410 | E63: ='[2]Evalution 25'!C53 -> Riyadh | F63: ='[2]Evalution 25'!E53 -> Marketing and PR Senior Executive | G63: ='[2]Evalution 25'!D53 -> Marketing | H63: - | I63: - | J63: =IF(COUNT(H63:I63)>0,AVERAGEIF(H63:I63,">=0"), IF(AND(ISNUMBER(D63),D63<=DATE(2023,12,31)),"NR","NA")) -> NA | K63: ='[2]Evalutaion 24'!G44 -> 3.3 | L63: ='[2]Evalutaion 24'!H44 -> 3 | M63: =IF(COUNT(K63:L63)>0,AVERAGEIF(K63:L63,">=0"), IF(AND(ISNUMBER(D63),D63<=DATE(2024,12,31)),"NR","NA")) -> 3.15 | N63: ='[2]Evalution 25'!G53 -> 5 | O63: ='[2]Evalution 25'!H53 -> 4.3 | P63: =IF(COUNT(N63:O63)>0,AVERAGEIF(N63:O63,">=0"), IF(AND(ISNUMBER(D63),D63<=DATE(2025,12,31)),"NR","NA")) -> 4.65 | Q63: =AVERAGE(J63,M63,P63,) -> 2.6 | R63: =IF(P63="","", IF(OR(P63="NR",P63="NA"),"NA", IF(P63<3,"Poor", IF(P63<3.8,"Average","High") ))) -> High | S63: =IFERROR( _xlfn.XLOOKUP(Q63,[2]Result!$A$7:$A$15,[2]Result!$C$7:$C$15,"Out of range",-1),"N/A") -> 2B | T63: =IF($D63>DATE(2023,12,31),"NA",IF(J63="","NR",J63)) -> NA | U63: {=IF(OR(J63="NA",J63="NR",ISBLANK(J63)),J63,IFERROR(INDEX([2]Result!$C$7:$C$15,MATCH(1,(J63>=[2]Result!$A$7:$A$15)*(J63<=[2]Result!$B$7:$B$15),0)), "NA"))} -> NA | V63: =IF($D63>DATE(2024,12,31),"NA",IF(M63="","NR",M63)) -> 3.15 | W63: {=IF(OR(M63="NA",M63="NR",ISBLANK(M63)),M63,IFERROR(INDEX([2]Result!$C$7:$C$15,MATCH(1,(M63>=[2]Result!$A$7:$A$15)*(M63<=[2]Result!$B$7:$B$15),0)), "NA"))} -> 2C
A64: 53 | B64: 10318 | C64: ='[2]Evalution 25'!B54 -> Febina Badarudheen | D64: 44188 | E64: ='[2]Evalution 25'!C54 -> Dubai | F64: ='[2]Evalution 25'!E54 -> Senior Traffic Executive | G64: ='[2]Evalution 25'!D54 -> Traffic | H64: ='[2]Evalutaion 23'!G36 -> 3.6 | I64: ='[2]Evalutaion 23'!H36 -> 3.8 | J64: =IF(COUNT(H64:I64)>0,AVERAGEIF(H64:I64,">=0"), IF(AND(ISNUMBER(D64),D64<=DATE(2023,12,31)),"NR","NA")) -> 3.7 | K64: ='[2]Evalutaion 24'!G45 -> 4 | L64: ='[2]Evalutaion 24'!H45 -> 3.8 | M64: =IF(COUNT(K64:L64)>0,AVERAGEIF(K64:L64,">=0"), IF(AND(ISNUMBER(D64),D64<=DATE(2024,12,31)),"NR","NA")) -> 3.9 | N64: ='[2]Evalution 25'!G54 -> 3.6 | O64: ='[2]Evalution 25'!H54 -> 3.7 | P64: =IF(COUNT(N64:O64)>0,AVERAGEIF(N64:O64,">=0"), IF(AND(ISNUMBER(D64),D64<=DATE(2025,12,31)),"NR","NA")) -> 3.65 | Q64: =AVERAGE(J64,M64,P64,) -> 2.8125 | R64: =IF(P64="","", IF(OR(P64="NR",P64="NA"),"NA", IF(P64<3,"Poor", IF(P64<3.8,"Average","High") ))) -> Average | S64: =IFERROR( _xlfn.XLOOKUP(Q64,[2]Result!$A$7:$A$15,[2]Result!$C$7:$C$15,"Out of range",-1),"N/A") -> 2B | T64: =IF($D64>DATE(2023,12,31),"NA",IF(J64="","NR",J64)) -> 3.7 | U64: {=IF(OR(J64="NA",J64="NR",ISBLANK(J64)),J64,IFERROR(INDEX([2]Result!$C$7:$C$15,MATCH(1,(J64>=[2]Result!$A$7:$A$15)*(J64<=[2]Result!$B$7:$B$15),0)), "NA"))} -> 3A | V64: =IF($D64>DATE(2024,12,31),"NA",IF(M64="","NR",M64)) -> 3.9 | W64: {=IF(OR(M64="NA",M64="NR",ISBLANK(M64)),M64,IFERROR(INDEX([2]Result!$C$7:$C$15,MATCH(1,(M64>=[2]Result!$A$7:$A$15)*(M64<=[2]Result!$B$7:$B$15),0)), "NA"))} -> 3A
A65: 54 | B65: 31251 | C65: ='[2]Evalution 25'!B55 -> Firas Said Bou Antoun | D65: 44411 | E65: ='[2]Evalution 25'!C55 -> Riyadh | F65: ='[2]Evalution 25'!E55 -> Client Growth Manager | G65: ='[2]Evalution 25'!D55 -> Client Growth | H65: ='[2]Evalutaion 23'!G37 -> 3.7 | I65: ='[2]Evalutaion 23'!H37 -> 4 | J65: =IF(COUNT(H65:I65)>0,AVERAGEIF(H65:I65,">=0"), IF(AND(ISNUMBER(D65),D65<=DATE(2023,12,31)),"NR","NA")) -> 3.85 | K65: ='[2]Evalutaion 24'!G46 -> 3.7 | L65: ='[2]Evalutaion 24'!H46 -> 3.8 | M65: =IF(COUNT(K65:L65)>0,AVERAGEIF(K65:L65,">=0"), IF(AND(ISNUMBER(D65),D65<=DATE(2024,12,31)),"NR","NA")) -> 3.75 | N65: ='[2]Evalution 25'!G55 -> 4.1 | O65: ='[2]Evalution 25'!H55 -> 4.3 | P65: =IF(COUNT(N65:O65)>0,AVERAGEIF(N65:O65,">=0"), IF(AND(ISNUMBER(D65),D65<=DATE(2025,12,31)),"NR","NA")) -> 4.2 | Q65: =AVERAGE(J65,M65,P65,) -> 2.95 | R65: =IF(P65="","", IF(OR(P65="NR",P65="NA"),"NA", IF(P65<3,"Poor", IF(P65<3.8,"Average","High") ))) -> High | S65: =IFERROR( _xlfn.XLOOKUP(Q65,[2]Result!$A$7:$A$15,[2]Result!$C$7:$C$15,"Out of range",-1),"N/A") -> 2B | T65: =IF($D65>DATE(2023,12,31),"NA",IF(J65="","NR",J65)) -> 3.85 | U65: {=IF(OR(J65="NA",J65="NR",ISBLANK(J65)),J65,IFERROR(INDEX([2]Result!$C$7:$C$15,MATCH(1,(J65>=[2]Result!$A$7:$A$15)*(J65<=[2]Result!$B$7:$B$15),0)), "NA"))} -> 3A | V65: =IF($D65>DATE(2024,12,31),"NA",IF(M65="","NR",M65)) -> 3.75 | W65: {=IF(OR(M65="NA",M65="NR",ISBLANK(M65)),M65,IFERROR(INDEX([2]Result!$C$7:$C$15,MATCH(1,(M65>=[2]Result!$A$7:$A$15)*(M65<=[2]Result!$B$7:$B$15),0)), "NA"))} -> 3A
A66: 55 | B66: 31291 | C66: ='[2]Evalution 25'!B56 -> Fouad Mohammed Debouk | D66: 44197 | E66: ='[2]Evalution 25'!C56 -> Riyadh | F66: ='[2]Evalution 25'!E56 -> Audio Growth Senior Manager | G66: ='[2]Evalution 25'!D56 -> Client Growth | H66: ='[2]Evalutaion 23'!G38 -> 4.4 | I66: ='[2]Evalutaion 23'!H38 -> 4 | J66: =IF(COUNT(H66:I66)>0,AVERAGEIF(H66:I66,">=0"), IF(AND(ISNUMBER(D66),D66<=DATE(2023,12,31)),"NR","NA")) -> 4.2 | K66: ='[2]Evalutaion 24'!G47 -> 4.6 | L66: ='[2]Evalutaion 24'!H47 -> 4.7 | M66: =IF(COUNT(K66:L66)>0,AVERAGEIF(K66:L66,">=0"), IF(AND(ISNUMBER(D66),D66<=DATE(2024,12,31)),"NR","NA")) -> 4.65 | N66: ='[2]Evalution 25'!G56 -> 4.3 | O66: ='[2]Evalution 25'!H56 -> 3.8 | P66: =IF(COUNT(N66:O66)>0,AVERAGEIF(N66:O66,">=0"), IF(AND(ISNUMBER(D66),D66<=DATE(2025,12,31)),"NR","NA")) -> 4.05 | Q66: =AVERAGE(J66,M66,P66,) -> 3.225 | R66: =IF(P66="","", IF(OR(P66="NR",P66="NA"),"NA", IF(P66<3,"Poor", IF(P66<3.8,"Average","High") ))) -> High | S66: =IFERROR( _xlfn.XLOOKUP(Q66,[2]Result!$A$7:$A$15,[2]Result!$C$7:$C$15,"Out of range",-1),"N/A") -> 2C | T66: =IF($D66>DATE(2023,12,31),"NA",IF(J66="","NR",J66)) -> 4.2 | U66: {=IF(OR(J66="NA",J66="NR",ISBLANK(J66)),J66,IFERROR(INDEX([2]Result!$C$7:$C$15,MATCH(1,(J66>=[2]Result!$A$7:$A$15)*(J66<=[2]Result!$B$7:$B$15),0)), "NA"))} -> 3B | V66: =IF($D66>DATE(2024,12,31),"NA",IF(M66="","NR",M66)) -> 4.65 | W66: {=IF(OR(M66="NA",M66="NR",ISBLANK(M66)),M66,IFERROR(INDEX([2]Result!$C$7:$C$15,MATCH(1,(M66>=[2]Result!$A$7:$A$15)*(M66<=[2]Result!$B$7:$B$15),0)), "NA"))} -> 3C
A67: 56 | B67: 47618 | C67: ='[2]Evalution 25'!B57 -> Galaleldin Oraby Ahmed Ghanem | D67: 45047 | E67: ='[2]Evalution 25'!C57 -> Cairo | F67: ='[2]Evalution 25'!E57 -> Digital Sales Director | G67: ='[2]Evalution 25'!D57 -> Agency Partnerships | H67: ='[2]Evalutaion 23'!G39 -> 3.8 | I67: ='[2]Evalutaion 23'!H39 -> 3.8 | J67: =IF(COUNT(H67:I67)>0,AVERAGEIF(H67:I67,">=0"), IF(AND(ISNUMBER(D67),D67<=DATE(2023,12,31)),"NR","NA")) -> 3.8 | K67: ='[2]Evalutaion 24'!G48 -> 4 | L67: ='[2]Evalutaion 24'!H48 -> 3.8 | M67: =IF(COUNT(K67:L67)>0,AVERAGEIF(K67:L67,">=0"), IF(AND(ISNUMBER(D67),D67<=DATE(2024,12,31)),"NR","NA")) -> 3.9 | N67: ='[2]Evalution 25'!G57 -> 4 | O67: ='[2]Evalution 25'!H57 -> 4 | P67: =IF(COUNT(N67:O67)>0,AVERAGEIF(N67:O67,">=0"), IF(AND(ISNUMBER(D67),D67<=DATE(2025,12,31)),"NR","NA")) -> 4 | Q67: =AVERAGE(J67,M67,P67,) -> 2.925 | R67: =IF(P67="","", IF(OR(P67="NR",P67="NA"),"NA", IF(P67<3,"Poor", IF(P67<3.8,"Average","High") ))) -> High | S67: =IFERROR( _xlfn.XLOOKUP(Q67,[2]Result!$A$7:$A$15,[2]Result!$C$7:$C$15,"Out of range",-1),"N/A") -> 2B | T67: =IF($D67>DATE(2023,12,31),"NA",IF(J67="","NR",J67)) -> 3.8 | U67: {=IF(OR(J67="NA",J67="NR",ISBLANK(J67)),J67,IFERROR(INDEX([2]Result!$C$7:$C$15,MATCH(1,(J67>=[2]Result!$A$7:$A$15)*(J67<=[2]Result!$B$7:$B$15),0)), "NA"))} -> 3A | V67: =IF($D67>DATE(2024,12,31),"NA",IF(M67="","NR",M67)) -> 3.9 | W67: {=IF(OR(M67="NA",M67="NR",ISBLANK(M67)),M67,IFERROR(INDEX([2]Result!$C$7:$C$15,MATCH(1,(M67>=[2]Result!$A$7:$A$15)*(M67<=[2]Result!$B$7:$B$15),0)), "NA"))} -> 3A
A68: 57 | B68: 10859 | C68: ='[2]Evalution 25'!B58 -> Ahmed Mohamed Samir Abdelaziz Alazrak | D68: 44545 | E68: ='[2]Evalution 25'!C58 -> Dubai | F68: ='[2]Evalution 25'!E58 -> Treasury Supervisor | G68: ='[2]Evalution 25'!D58 -> Finance | H68: ='[2]Evalutaion 23'!G40 -> 4.1 | I68: ='[2]Evalutaion 23'!H40 -> 3.8 | J68: =IF(COUNT(H68:I68)>0,AVERAGEIF(H68:I68,">=0"), IF(AND(ISNUMBER(D68),D68<=DATE(2023,12,31)),"NR","NA")) -> 3.95 | K68: ='[2]Evalutaion 24'!G49 -> 4.2 | L68: ='[2]Evalutaion 24'!H49 -> 4 | M68: =IF(COUNT(K68:L68)>0,AVERAGEIF(K68:L68,">=0"), IF(AND(ISNUMBER(D68),D68<=DATE(2024,12,31)),"NR","NA")) -> 4.1 | N68: ='[2]Evalution 25'!G58 -> 4.9 | O68: ='[2]Evalution 25'!H58 -> 4.3 | P68: =IF(COUNT(N68:O68)>0,AVERAGEIF(N68:O68,">=0"), IF(AND(ISNUMBER(D68),D68<=DATE(2025,12,31)),"NR","NA")) -> 4.6 | Q68: =AVERAGE(J68,M68,P68,) -> 3.1625 | R68: =IF(P68="","", IF(OR(P68="NR",P68="NA"),"NA", IF(P68<3,"Poor", IF(P68<3.8,"Average","High") ))) -> High | S68: =IFERROR( _xlfn.XLOOKUP(Q68,[2]Result!$A$7:$A$15,[2]Result!$C$7:$C$15,"Out of range",-1),"N/A") -> 2C | T68: =IF($D68>DATE(2023,12,31),"NA",IF(J68="","NR",J68)) -> 3.95 | U68: {=IF(OR(J68="NA",J68="NR",ISBLANK(J68)),J68,IFERROR(INDEX([2]Result!$C$7:$C$15,MATCH(1,(J68>=[2]Result!$A$7:$A$15)*(J68<=[2]Result!$B$7:$B$15),0)), "NA"))} -> 3A | V68: =IF($D68>DATE(2024,12,31),"NA",IF(M68="","NR",M68)) -> 4.1 | W68: {=IF(OR(M68="NA",M68="NR",ISBLANK(M68)),M68,IFERROR(INDEX([2]Result!$C$7:$C$15,MATCH(1,(M68>=[2]Result!$A$7:$A$15)*(M68<=[2]Result!$B$7:$B$15),0)), "NA"))} -> 3B
A69: 58 | B69: 50495 | C69: ='[2]Evalution 25'!B59 -> Ghadeer Youssef Hamed Alharthi | D69: 45781 | E69: ='[2]Evalution 25'!C59 -> Riyadh | F69: ='[2]Evalution 25'!E59 -> Admin Assistant-MMS | G69: ='[2]Evalution 25'!D59 -> Admin | H69: - | I69: - | J69: =IF(COUNT(H69:I69)>0,AVERAGEIF(H69:I69,">=0"), IF(AND(ISNUMBER(D69),D69<=DATE(2023,12,31)),"NR","NA")) -> NA | K69: - | L69: - | M69: =IF(COUNT(K69:L69)>0,AVERAGEIF(K69:L69,">=0"), IF(AND(ISNUMBER(D69),D69<=DATE(2024,12,31)),"NR","NA")) -> NA | N69: ='[2]Evalution 25'!G59 -> 3.3 | O69: ='[2]Evalution 25'!H59 -> 3.5 | P69: =IF(COUNT(N69:O69)>0,AVERAGEIF(N69:O69,">=0"), IF(AND(ISNUMBER(D69),D69<=DATE(2025,12,31)),"NR","NA")) -> 3.4 | Q69: =AVERAGE(J69,M69,P69,) -> 1.7 | R69: =IF(P69="","", IF(OR(P69="NR",P69="NA"),"NA", IF(P69<3,"Poor", IF(P69<3.8,"Average","High") ))) -> Average | S69: =IFERROR( _xlfn.XLOOKUP(Q69,[2]Result!$A$7:$A$15,[2]Result!$C$7:$C$15,"Out of range",-1),"N/A") -> 1C | T69: =IF($D69>DATE(2023,12,31),"NA",IF(J69="","NR",J69)) -> NA | U69: {=IF(OR(J69="NA",J69="NR",ISBLANK(J69)),J69,IFERROR(INDEX([2]Result!$C$7:$C$15,MATCH(1,(J69>=[2]Result!$A$7:$A$15)*(J69<=[2]Result!$B$7:$B$15),0)), "NA"))} -> NA | V69: =IF($D69>DATE(2024,12,31),"NA",IF(M69="","NR",M69)) -> NA | W69: {=IF(OR(M69="NA",M69="NR",ISBLANK(M69)),M69,IFERROR(INDEX([2]Result!$C$7:$C$15,MATCH(1,(M69>=[2]Result!$A$7:$A$15)*(M69<=[2]Result!$B$7:$B$15),0)), "NA"))} -> NA
A70: 59 | B70: 10825 | C70: ='[2]Evalution 25'!B60 -> Ghaith Elsayed | D70: 44181 | E70: ='[2]Evalution 25'!C60 -> Dubai | F70: ='[2]Evalution 25'!E60 -> Finance Supervisor-MMS | G70: ='[2]Evalution 25'!D60 -> Finance | H70: ='[2]Evalutaion 23'!G41 -> 0 | I70: ='[2]Evalutaion 23'!H41 -> 3.3 | J70: =IF(COUNT(H70:I70)>0,AVERAGEIF(H70:I70,">=0"), IF(AND(ISNUMBER(D70),D70<=DATE(2023,12,31)),"NR","NA")) -> 1.65 | K70: ='[2]Evalutaion 24'!G50 -> 4 | L70: ='[2]Evalutaion 24'!H50 -> 4 | M70: =IF(COUNT(K70:L70)>0,AVERAGEIF(K70:L70,">=0"), IF(AND(ISNUMBER(D70),D70<=DATE(2024,12,31)),"NR","NA")) -> 4 | N70: ='[2]Evalution 25'!G60 -> 4 | O70: ='[2]Evalution 25'!H60 -> 4.8 | P70: =IF(COUNT(N70:O70)>0,AVERAGEIF(N70:O70,">=0"), IF(AND(ISNUMBER(D70),D70<=DATE(2025,12,31)),"NR","NA")) -> 4.4 | Q70: =AVERAGE(J70,M70,P70,) -> 2.5125 | R70: =IF(P70="","", IF(OR(P70="NR",P70="NA"),"NA", IF(P70<3,"Poor", IF(P70<3.8,"Average","High") ))) -> High | S70: =IFERROR( _xlfn.XLOOKUP(Q70,[2]Result!$A$7:$A$15,[2]Result!$C$7:$C$15,"Out of range",-1),"N/A") -> 2A | T70: =IF($D70>DATE(2023,12,31),"NA",IF(J70="","NR",J70)) -> 1.65 | U70: {=IF(OR(J70="NA",J70="NR",ISBLANK(J70)),J70,IFERROR(INDEX([2]Result!$C$7:$C$15,MATCH(1,(J70>=[2]Result!$A$7:$A$15)*(J70<=[2]Result!$B$7:$B$15),0)), "NA"))} -> 1C | V70: =IF($D70>DATE(2024,12,31),"NA",IF(M70="","NR",M70)) -> 4 | W70: {=IF(OR(M70="NA",M70="NR",ISBLANK(M70)),M70,IFERROR(INDEX([2]Result!$C$7:$C$15,MATCH(1,(M70>=[2]Result!$A$7:$A$15)*(M70<=[2]Result!$B$7:$B$15),0)), "NA"))} -> 3A
A71: 60 | B71: 50029 | C71: ='[2]Evalution 25'!B61 -> Ghala Abdulrahman Alotaibi | D71: 45670 | E71: ='[2]Evalution 25'!C61 -> Riyadh | F71: ='[2]Evalution 25'!E61 -> Shahid Growth Senior Executive | G71: ='[2]Evalution 25'!D61 -> Client Growth | H71: - | I71: - | J71: =IF(COUNT(H71:I71)>0,AVERAGEIF(H71:I71,">=0"), IF(AND(ISNUMBER(D71),D71<=DATE(2023,12,31)),"NR","NA")) -> NA | K71: - | L71: - | M71: =IF(COUNT(K71:L71)>0,AVERAGEIF(K71:L71,">=0"), IF(AND(ISNUMBER(D71),D71<=DATE(2024,12,31)),"NR","NA")) -> NA | N71: ='[2]Evalution 25'!G61 -> 4 | O71: ='[2]Evalution 25'!H61 -> 4.2 | P71: =IF(COUNT(N71:O71)>0,AVERAGEIF(N71:O71,">=0"), IF(AND(ISNUMBER(D71),D71<=DATE(2025,12,31)),"NR","NA")) -> 4.1 | Q71: =AVERAGE(J71,M71,P71,) -> 2.05 | R71: =IF(P71="","", IF(OR(P71="NR",P71="NA"),"NA", IF(P71<3,"Poor", IF(P71<3.8,"Average","High") ))) -> High | S71: =IFERROR( _xlfn.XLOOKUP(Q71,[2]Result!$A$7:$A$15,[2]Result!$C$7:$C$15,"Out of range",-1),"N/A") -> 1C | T71: =IF($D71>DATE(2023,12,31),"NA",IF(J71="","NR",J71)) -> NA | U71: {=IF(OR(J71="NA",J71="NR",ISBLANK(J71)),J71,IFERROR(INDEX([2]Result!$C$7:$C$15,MATCH(1,(J71>=[2]Result!$A$7:$A$15)*(J71<=[2]Result!$B$7:$B$15),0)), "NA"))} -> NA | V71: =IF($D71>DATE(2024,12,31),"NA",IF(M71="","NR",M71)) -> NA | W71: {=IF(OR(M71="NA",M71="NR",ISBLANK(M71)),M71,IFERROR(INDEX([2]Result!$C$7:$C$15,MATCH(1,(M71>=[2]Result!$A$7:$A$15)*(M71<=[2]Result!$B$7:$B$15),0)), "NA"))} -> NA
A72: 61 | B72: 49298 | C72: ='[2]Evalution 25'!B62 -> Ghalia Abdulelah Saleh Harandah | D72: 45468 | E72: ='[2]Evalution 25'!C62 -> Riyadh | F72: ='[2]Evalution 25'!E62 -> Senior Executive- Graphic Designer-MMS | G72: ='[2]Evalution 25'!D62 -> Marketing | H72: - | I72: - | J72: =IF(COUNT(H72:I72)>0,AVERAGEIF(H72:I72,">=0"), IF(AND(ISNUMBER(D72),D72<=DATE(2023,12,31)),"NR","NA")) -> NA | K72: ='[2]Evalutaion 24'!G51 -> 5 | L72: ='[2]Evalutaion 24'!H51 -> 5 | M72: =IF(COUNT(K72:L72)>0,AVERAGEIF(K72:L72,">=0"), IF(AND(ISNUMBER(D72),D72<=DATE(2024,12,31)),"NR","NA")) -> 5 | N72: ='[2]Evalution 25'!G62 -> 5 | O72: ='[2]Evalution 25'!H62 -> 5 | P72: =IF(COUNT(N72:O72)>0,AVERAGEIF(N72:O72,">=0"), IF(AND(ISNUMBER(D72),D72<=DATE(2025,12,31)),"NR","NA")) -> 5 | Q72: =AVERAGE(J72,M72,P72,) -> 3.3333333 | R72: =IF(P72="","", IF(OR(P72="NR",P72="NA"),"NA", IF(P72<3,"Poor", IF(P72<3.8,"Average","High") ))) -> High | S72: =IFERROR( _xlfn.XLOOKUP(Q72,[2]Result!$A$7:$A$15,[2]Result!$C$7:$C$15,"Out of range",-1),"N/A") -> 2C | T72: =IF($D72>DATE(2023,12,31),"NA",IF(J72="","NR",J72)) -> NA | U72: {=IF(OR(J72="NA",J72="NR",ISBLANK(J72)),J72,IFERROR(INDEX([2]Result!$C$7:$C$15,MATCH(1,(J72>=[2]Result!$A$7:$A$15)*(J72<=[2]Result!$B$7:$B$15),0)), "NA"))} -> NA | V72: =IF($D72>DATE(2024,12,31),"NA",IF(M72="","NR",M72)) -> 5 | W72: {=IF(OR(M72="NA",M72="NR",ISBLANK(M72)),M72,IFERROR(INDEX([2]Result!$C$7:$C$15,MATCH(1,(M72>=[2]Result!$A$7:$A$15)*(M72<=[2]Result!$B$7:$B$15),0)), "NA"))} -> 3C
A73: 62 | B73: 49496 | C73: ='[2]Evalution 25'!B63 -> Ghida Jihad Salem El Husseini | D73: 45566 | E73: ='[2]Evalution 25'!C63 -> Dubai | F73: ='[2]Evalution 25'!E63 -> Shahid Growth Manager | G73: ='[2]Evalution 25'!D63 -> Client Growth | H73: - | I73: - | J73: =IF(COUNT(H73:I73)>0,AVERAGEIF(H73:I73,">=0"), IF(AND(ISNUMBER(D73),D73<=DATE(2023,12,31)),"NR","NA")) -> NA | K73: - | L73: - | M73: =IF(COUNT(K73:L73)>0,AVERAGEIF(K73:L73,">=0"), IF(AND(ISNUMBER(D73),D73<=DATE(2024,12,31)),"NR","NA")) -> NR | N73: ='[2]Evalution 25'!G63 -> 4 | O73: ='[2]Evalution 25'!H63 -> 4 | P73: =IF(COUNT(N73:O73)>0,AVERAGEIF(N73:O73,">=0"), IF(AND(ISNUMBER(D73),D73<=DATE(2025,12,31)),"NR","NA")) -> 4 | Q73: =AVERAGE(J73,M73,P73,) -> 2 | R73: =IF(P73="","", IF(OR(P73="NR",P73="NA"),"NA", IF(P73<3,"Poor", IF(P73<3.8,"Average","High") ))) -> High | S73: =IFERROR( _xlfn.XLOOKUP(Q73,[2]Result!$A$7:$A$15,[2]Result!$C$7:$C$15,"Out of range",-1),"N/A") -> 1C | T73: =IF($D73>DATE(2023,12,31),"NA",IF(J73="","NR",J73)) -> NA | U73: {=IF(OR(J73="NA",J73="NR",ISBLANK(J73)),J73,IFERROR(INDEX([2]Result!$C$7:$C$15,MATCH(1,(J73>=[2]Result!$A$7:$A$15)*(J73<=[2]Result!$B$7:$B$15),0)), "NA"))} -> NA | V73: =IF($D73>DATE(2024,12,31),"NA",IF(M73="","NR",M73)) -> NR | W73: {=IF(OR(M73="NA",M73="NR",ISBLANK(M73)),M73,IFERROR(INDEX([2]Result!$C$7:$C$15,MATCH(1,(M73>=[2]Result!$A$7:$A$15)*(M73<=[2]Result!$B$7:$B$15),0)), "NA"))} -> NR
A74: 63 | B74: 30967 | C74: ='[2]Evalution 25'!B64 -> Hamad Abdullah Hamad Alhumaid | D74: 44626 | E74: ='[2]Evalution 25'!C64 -> Riyadh | F74: ='[2]Evalution 25'!E64 -> Client Growth Associate Director | G74: ='[2]Evalution 25'!D64 -> Client Growth | H74: ='[2]Evalutaion 23'!G42 -> 5 | I74: ='[2]Evalutaion 23'!H42 -> 4.5 | J74: =IF(COUNT(H74:I74)>0,AVERAGEIF(H74:I74,">=0"), IF(AND(ISNUMBER(D74),D74<=DATE(2023,12,31)),"NR","NA")) -> 4.75 | K74: ='[2]Evalutaion 24'!G52 -> 5 | L74: ='[2]Evalutaion 24'!H52 -> 5 | M74: =IF(COUNT(K74:L74)>0,AVERAGEIF(K74:L74,">=0"), IF(AND(ISNUMBER(D74),D74<=DATE(2024,12,31)),"NR","NA")) -> 5 | N74: ='[2]Evalution 25'!G64 -> 4.8 | O74: ='[2]Evalution 25'!H64 -> 4.8 | P74: =IF(COUNT(N74:O74)>0,AVERAGEIF(N74:O74,">=0"), IF(AND(ISNUMBER(D74),D74<=DATE(2025,12,31)),"NR","NA")) -> 4.8 | Q74: =AVERAGE(J74,M74,P74,) -> 3.6375 | R74: =IF(P74="","", IF(OR(P74="NR",P74="NA"),"NA", IF(P74<3,"Poor", IF(P74<3.8,"Average","High") ))) -> High | S74: =IFERROR( _xlfn.XLOOKUP(Q74,[2]Result!$A$7:$A$15,[2]Result!$C$7:$C$15,"Out of range",-1),"N/A") -> 3A | T74: =IF($D74>DATE(2023,12,31),"NA",IF(J74="","NR",J74)) -> 4.75 | U74: {=IF(OR(J74="NA",J74="NR",ISBLANK(J74)),J74,IFERROR(INDEX([2]Result!$C$7:$C$15,MATCH(1,(J74>=[2]Result!$A$7:$A$15)*(J74<=[2]Result!$B$7:$B$15),0)), "NA"))} -> 3C | V74: =IF($D74>DATE(2024,12,31),"NA",IF(M74="","NR",M74)) -> 5 | W74: {=IF(OR(M74="NA",M74="NR",ISBLANK(M74)),M74,IFERROR(INDEX([2]Result!$C$7:$C$15,MATCH(1,(M74>=[2]Result!$A$7:$A$15)*(M74<=[2]Result!$B$7:$B$15),0)), "NA"))} -> 3C
A75: 64 | B75: 48373 | C75: ='[2]Evalution 25'!B65 -> Hani Hashem Taha | D75: 45270 | E75: ='[2]Evalution 25'!C65 -> Riyadh | F75: ='[2]Evalution 25'!E65 -> Shahid Growth Senior Executive | G75: ='[2]Evalution 25'!D65 -> Client Growth | H75: - | I75: - | J75: =IF(COUNT(H75:I75)>0,AVERAGEIF(H75:I75,">=0"), IF(AND(ISNUMBER(D75),D75<=DATE(2023,12,31)),"NR","NA")) -> NR | K75: ='[2]Evalutaion 24'!G53 -> 3.2 | L75: ='[2]Evalutaion 24'!H53 -> 4 | M75: =IF(COUNT(K75:L75)>0,AVERAGEIF(K75:L75,">=0"), IF(AND(ISNUMBER(D75),D75<=DATE(2024,12,31)),"NR","NA")) -> 3.6 | N75: ='[2]Evalution 25'!G65 -> 4.1 | O75: ='[2]Evalution 25'!H65 -> 4 | P75: =IF(COUNT(N75:O75)>0,AVERAGEIF(N75:O75,">=0"), IF(AND(ISNUMBER(D75),D75<=DATE(2025,12,31)),"NR","NA")) -> 4.05 | Q75: =AVERAGE(J75,M75,P75,) -> 2.55 | R75: =IF(P75="","", IF(OR(P75="NR",P75="NA"),"NA", IF(P75<3,"Poor", IF(P75<3.8,"Average","High") ))) -> High | S75: =IFERROR( _xlfn.XLOOKUP(Q75,[2]Result!$A$7:$A$15,[2]Result!$C$7:$C$15,"Out of range",-1),"N/A") -> 2A | T75: =IF($D75>DATE(2023,12,31),"NA",IF(J75="","NR",J75)) -> NR | U75: {=IF(OR(J75="NA",J75="NR",ISBLANK(J75)),J75,IFERROR(INDEX([2]Result!$C$7:$C$15,MATCH(1,(J75>=[2]Result!$A$7:$A$15)*(J75<=[2]Result!$B$7:$B$15),0)), "NA"))} -> NR | V75: =IF($D75>DATE(2024,12,31),"NA",IF(M75="","NR",M75)) -> 3.6 | W75: {=IF(OR(M75="NA",M75="NR",ISBLANK(M75)),M75,IFERROR(INDEX([2]Result!$C$7:$C$15,MATCH(1,(M75>=[2]Result!$A$7:$A$15)*(M75<=[2]Result!$B$7:$B$15),0)), "NA"))} -> 3A
A76: 65 | B76: 48484 | C76: ='[2]Evalution 25'!B66 -> Hicham Chekri Fakhoury | D76: 45293 | E76: ='[2]Evalution 25'!C66 -> Dubai | F76: ='[2]Evalution 25'!E66 -> Content Solutions Lead | G76: ='[2]Evalution 25'!D66 -> Content Solutions | H76: - | I76: - | J76: =IF(COUNT(H76:I76)>0,AVERAGEIF(H76:I76,">=0"), IF(AND(ISNUMBER(D76),D76<=DATE(2023,12,31)),"NR","NA")) -> NA | K76: ='[2]Evalutaion 24'!G54 -> 3.6 | L76: ='[2]Evalutaion 24'!H54 -> 4 | M76: =IF(COUNT(K76:L76)>0,AVERAGEIF(K76:L76,">=0"), IF(AND(ISNUMBER(D76),D76<=DATE(2024,12,31)),"NR","NA")) -> 3.8 | N76: ='[2]Evalution 25'!G66 -> 5 | O76: ='[2]Evalution 25'!H66 -> 5 | P76: =IF(COUNT(N76:O76)>0,AVERAGEIF(N76:O76,">=0"), IF(AND(ISNUMBER(D76),D76<=DATE(2025,12,31)),"NR","NA")) -> 5 | Q76: =AVERAGE(J76,M76,P76,) -> 2.9333333 | R76: =IF(P76="","", IF(OR(P76="NR",P76="NA"),"NA", IF(P76<3,"Poor", IF(P76<3.8,"Average","High") ))) -> High | S76: =IFERROR( _xlfn.XLOOKUP(Q76,[2]Result!$A$7:$A$15,[2]Result!$C$7:$C$15,"Out of range",-1),"N/A") -> 2B | T76: =IF($D76>DATE(2023,12,31),"NA",IF(J76="","NR",J76)) -> NA | U76: {=IF(OR(J76="NA",J76="NR",ISBLANK(J76)),J76,IFERROR(INDEX([2]Result!$C$7:$C$15,MATCH(1,(J76>=[2]Result!$A$7:$A$15)*(J76<=[2]Result!$B$7:$B$15),0)), "NA"))} -> NA | V76: =IF($D76>DATE(2024,12,31),"NA",IF(M76="","NR",M76)) -> 3.8 | W76: {=IF(OR(M76="NA",M76="NR",ISBLANK(M76)),M76,IFERROR(INDEX([2]Result!$C$7:$C$15,MATCH(1,(M76>=[2]Result!$A$7:$A$15)*(M76<=[2]Result!$B$7:$B$15),0)), "NA"))} -> 3A
A77: 66 | B77: 49540 | C77: ='[2]Evalution 25'!B67 -> Mohamed Mahmoud Abou Naaj | D77: 45508 | E77: ='[2]Evalution 25'!C67 -> Dubai | F77: ='[2]Evalution 25'!E67 -> Accountant-MMS | G77: ='[2]Evalution 25'!D67 -> Finance | H77: - | I77: - | J77: =IF(COUNT(H77:I77)>0,AVERAGEIF(H77:I77,">=0"), IF(AND(ISNUMBER(D77),D77<=DATE(2023,12,31)),"NR","NA")) -> NA | K77: ='[2]Evalutaion 24'!G55 -> 3 | L77: ='[2]Evalutaion 24'!H55 -> 3 | M77: =IF(COUNT(K77:L77)>0,AVERAGEIF(K77:L77,">=0"), IF(AND(ISNUMBER(D77),D77<=DATE(2024,12,31)),"NR","NA")) -> 3 | N77: ='[2]Evalution 25'!G67 -> 4.2 | O77: ='[2]Evalution 25'!H67 -> 4.3 | P77: =IF(COUNT(N77:O77)>0,AVERAGEIF(N77:O77,">=0"), IF(AND(ISNUMBER(D77),D77<=DATE(2025,12,31)),"NR","NA")) -> 4.25 | Q77: =AVERAGE(J77,M77,P77,) -> 2.4166667 | R77: =IF(P77="","", IF(OR(P77="NR",P77="NA"),"NA", IF(P77<3,"Poor", IF(P77<3.8,"Average","High") ))) -> High | S77: =IFERROR( _xlfn.XLOOKUP(Q77,[2]Result!$A$7:$A$15,[2]Result!$C$7:$C$15,"Out of range",-1),"N/A") -> 2A | T77: =IF($D77>DATE(2023,12,31),"NA",IF(J77="","NR",J77)) -> NA | U77: {=IF(OR(J77="NA",J77="NR",ISBLANK(J77)),J77,IFERROR(INDEX([2]Result!$C$7:$C$15,MATCH(1,(J77>=[2]Result!$A$7:$A$15)*(J77<=[2]Result!$B$7:$B$15),0)), "NA"))} -> NA | V77: =IF($D77>DATE(2024,12,31),"NA",IF(M77="","NR",M77)) -> 3 | W77: {=IF(OR(M77="NA",M77="NR",ISBLANK(M77)),M77,IFERROR(INDEX([2]Result!$C$7:$C$15,MATCH(1,(M77>=[2]Result!$A$7:$A$15)*(M77<=[2]Result!$B$7:$B$15),0)), "NA"))} -> 2B
A78: 67 | B78: 31248 | C78: ='[2]Evalution 25'!B68 -> Riad Farouk Jneid | D78: 44339 | E78: ='[2]Evalution 25'!C68 -> Dubai | F78: ='[2]Evalution 25'!E68 -> Finance Supervisor-MMS | G78: ='[2]Evalution 25'!D68 -> Finance | H78: ='[2]Evalutaion 23'!G43 -> 3.2 | I78: ='[2]Evalutaion 23'!H43 -> 3.3 | J78: =IF(COUNT(H78:I78)>0,AVERAGEIF(H78:I78,">=0"), IF(AND(ISNUMBER(D78),D78<=DATE(2023,12,31)),"NR","NA")) -> 3.25 | K78: ='[2]Evalutaion 24'!G56 -> 3.6 | L78: ='[2]Evalutaion 24'!H56 -> 3.2 | M78: =IF(COUNT(K78:L78)>0,AVERAGEIF(K78:L78,">=0"), IF(AND(ISNUMBER(D78),D78<=DATE(2024,12,31)),"NR","NA")) -> 3.4 | N78: ='[2]Evalution 25'!G68 -> 4.1 | O78: ='[2]Evalution 25'!H68 -> 4.3 | P78: =IF(COUNT(N78:O78)>0,AVERAGEIF(N78:O78,">=0"), IF(AND(ISNUMBER(D78),D78<=DATE(2025,12,31)),"NR","NA")) -> 4.2 | Q78: =AVERAGE(J78,M78,P78,) -> 2.7125 | R78: =IF(P78="","", IF(OR(P78="NR",P78="NA"),"NA", IF(P78<3,"Poor", IF(P78<3.8,"Average","High") ))) -> High | S78: =IFERROR( _xlfn.XLOOKUP(Q78,[2]Result!$A$7:$A$15,[2]Result!$C$7:$C$15,"Out of range",-1),"N/A") -> 2B | T78: =IF($D78>DATE(2023,12,31),"NA",IF(J78="","NR",J78)) -> 3.25 | U78: {=IF(OR(J78="NA",J78="NR",ISBLANK(J78)),J78,IFERROR(INDEX([2]Result!$C$7:$C$15,MATCH(1,(J78>=[2]Result!$A$7:$A$15)*(J78<=[2]Result!$B$7:$B$15),0)), "NA"))} -> 2C | V78: =IF($D78>DATE(2024,12,31),"NA",IF(M78="","NR",M78)) -> 3.4 | W78: {=IF(OR(M78="NA",M78="NR",ISBLANK(M78)),M78,IFERROR(INDEX([2]Result!$C$7:$C$15,MATCH(1,(M78>=[2]Result!$A$7:$A$15)*(M78<=[2]Result!$B$7:$B$15),0)), "NA"))} -> 2C
A79: 68 | B79: 10305 | C79: ='[2]Evalution 25'!B69 -> Husni Ref'at Husni Nasir | D79: 44146 | E79: ='[2]Evalution 25'!C69 -> Dubai | F79: ='[2]Evalution 25'!E69 -> Senior Traffic Executive | G79: ='[2]Evalution 25'!D69 -> Traffic | H79: ='[2]Evalutaion 23'!G44 -> 3.8 | I79: ='[2]Evalutaion 23'!H44 -> 3.7 | J79: =IF(COUNT(H79:I79)>0,AVERAGEIF(H79:I79,">=0"), IF(AND(ISNUMBER(D79),D79<=DATE(2023,12,31)),"NR","NA")) -> 3.75 | K79: ='[2]Evalutaion 24'!G57 -> 3.8 | L79: ='[2]Evalutaion 24'!H57 -> 4 | M79: =IF(COUNT(K79:L79)>0,AVERAGEIF(K79:L79,">=0"), IF(AND(ISNUMBER(D79),D79<=DATE(2024,12,31)),"NR","NA")) -> 3.9 | N79: ='[2]Evalution 25'!G69 -> 3.9 | O79: ='[2]Evalution 25'!H69 -> 4 | P79: =IF(COUNT(N79:O79)>0,AVERAGEIF(N79:O79,">=0"), IF(AND(ISNUMBER(D79),D79<=DATE(2025,12,31)),"NR","NA")) -> 3.95 | Q79: =AVERAGE(J79,M79,P79,) -> 2.9 | R79: =IF(P79="","", IF(OR(P79="NR",P79="NA"),"NA", IF(P79<3,"Poor", IF(P79<3.8,"Average","High") ))) -> High | S79: =IFERROR( _xlfn.XLOOKUP(Q79,[2]Result!$A$7:$A$15,[2]Result!$C$7:$C$15,"Out of range",-1),"N/A") -> 2B | T79: =IF($D79>DATE(2023,12,31),"NA",IF(J79="","NR",J79)) -> 3.75 | U79: {=IF(OR(J79="NA",J79="NR",ISBLANK(J79)),J79,IFERROR(INDEX([2]Result!$C$7:$C$15,MATCH(1,(J79>=[2]Result!$A$7:$A$15)*(J79<=[2]Result!$B$7:$B$15),0)), "NA"))} -> 3A | V79: =IF($D79>DATE(2024,12,31),"NA",IF(M79="","NR",M79)) -> 3.9 | W79: {=IF(OR(M79="NA",M79="NR",ISBLANK(M79)),M79,IFERROR(INDEX([2]Result!$C$7:$C$15,MATCH(1,(M79>=[2]Result!$A$7:$A$15)*(M79<=[2]Result!$B$7:$B$15),0)), "NA"))} -> 3A
A80: 69 | B80: 6592 | C80: ='[2]Evalution 25'!B70 -> Robby Skaria Thomas | D80: 44362 | E80: ='[2]Evalution 25'!C70 -> Dubai | F80: ='[2]Evalution 25'!E70 -> Assistant Finance Manager | G80: ='[2]Evalution 25'!D70 -> Finance | H80: ='[2]Evalutaion 23'!G45 -> 0 | I80: ='[2]Evalutaion 23'!H45 -> 4.3 | J80: =IF(COUNT(H80:I80)>0,AVERAGEIF(H80:I80,">=0"), IF(AND(ISNUMBER(D80),D80<=DATE(2023,12,31)),"NR","NA")) -> 2.15 | K80: ='[2]Evalutaion 24'!G58 -> 4 | L80: ='[2]Evalutaion 24'!H58 -> 4 | M80: =IF(COUNT(K80:L80)>0,AVERAGEIF(K80:L80,">=0"), IF(AND(ISNUMBER(D80),D80<=DATE(2024,12,31)),"NR","NA")) -> 4 | N80: ='[2]Evalution 25'!G70 -> 4.4 | O80: ='[2]Evalution 25'!H70 -> 3.7 | P80: =IF(COUNT(N80:O80)>0,AVERAGEIF(N80:O80,">=0"), IF(AND(ISNUMBER(D80),D80<=DATE(2025,12,31)),"NR","NA")) -> 4.05 | Q80: =AVERAGE(J80,M80,P80,) -> 2.55 | R80: =IF(P80="","", IF(OR(P80="NR",P80="NA"),"NA", IF(P80<3,"Poor", IF(P80<3.8,"Average","High") ))) -> High | S80: =IFERROR( _xlfn.XLOOKUP(Q80,[2]Result!$A$7:$A$15,[2]Result!$C$7:$C$15,"Out of range",-1),"N/A") -> 2A | T80: =IF($D80>DATE(2023,12,31),"NA",IF(J80="","NR",J80)) -> 2.15 | U80: {=IF(OR(J80="NA",J80="NR",ISBLANK(J80)),J80,IFERROR(INDEX([2]Result!$C$7:$C$15,MATCH(1,(J80>=[2]Result!$A$7:$A$15)*(J80<=[2]Result!$B$7:$B$15),0)), "NA"))} -> 2A | V80: =IF($D80>DATE(2024,12,31),"NA",IF(M80="","NR",M80)) -> 4 | W80: {=IF(OR(M80="NA",M80="NR",ISBLANK(M80)),M80,IFERROR(INDEX([2]Result!$C$7:$C$15,MATCH(1,(M80>=[2]Result!$A$7:$A$15)*(M80<=[2]Result!$B$7:$B$15),0)), "NA"))} -> 3A
A81: 70 | B81: 49622 | C81: ='[2]Evalution 25'!B71 -> Ibrahim Ben Ahmed | D81: 45566 | E81: ='[2]Evalution 25'!C71 -> Dubai | F81: ='[2]Evalution 25'!E71 -> Shahid Growth Senior Executive | G81: ='[2]Evalution 25'!D71 -> Client Growth | H81: - | I81: - | J81: =IF(COUNT(H81:I81)>0,AVERAGEIF(H81:I81,">=0"), IF(AND(ISNUMBER(D81),D81<=DATE(2023,12,31)),"NR","NA")) -> NA | K81: - | L81: - | M81: =IF(COUNT(K81:L81)>0,AVERAGEIF(K81:L81,">=0"), IF(AND(ISNUMBER(D81),D81<=DATE(2024,12,31)),"NR","NA")) -> NR | N81: ='[2]Evalution 25'!G71 -> 3.2 | O81: ='[2]Evalution 25'!H71 -> 3.8 | P81: =IF(COUNT(N81:O81)>0,AVERAGEIF(N81:O81,">=0"), IF(AND(ISNUMBER(D81),D81<=DATE(2025,12,31)),"NR","NA")) -> 3.5 | Q81: =AVERAGE(J81,M81,P81,) -> 1.75 | R81: =IF(P81="","", IF(OR(P81="NR",P81="NA"),"NA", IF(P81<3,"Poor", IF(P81<3.8,"Average","High") ))) -> Average | S81: =IFERROR( _xlfn.XLOOKUP(Q81,[2]Result!$A$7:$A$15,[2]Result!$C$7:$C$15,"Out of range",-1),"N/A") -> 1C | T81: =IF($D81>DATE(2023,12,31),"NA",IF(J81="","NR",J81)) -> NA | U81: {=IF(OR(J81="NA",J81="NR",ISBLANK(J81)),J81,IFERROR(INDEX([2]Result!$C$7:$C$15,MATCH(1,(J81>=[2]Result!$A$7:$A$15)*(J81<=[2]Result!$B$7:$B$15),0)), "NA"))} -> NA | V81: =IF($D81>DATE(2024,12,31),"NA",IF(M81="","NR",M81)) -> NR | W81: {=IF(OR(M81="NA",M81="NR",ISBLANK(M81)),M81,IFERROR(INDEX([2]Result!$C$7:$C$15,MATCH(1,(M81>=[2]Result!$A$7:$A$15)*(M81<=[2]Result!$B$7:$B$15),0)), "NA"))} -> NR
A82: 71 | B82: 10323 | C82: ='[2]Evalution 25'!B72 -> Jacques Touma | D82: 44234 | E82: ='[2]Evalution 25'!C72 -> Dubai | F82: ='[2]Evalution 25'!E72 -> Agency Partnerships Senior Manager | G82: ='[2]Evalution 25'!D72 -> Agency Partnerships | H82: - | I82: - | J82: =IF(COUNT(H82:I82)>0,AVERAGEIF(H82:I82,">=0"), IF(AND(ISNUMBER(D82),D82<=DATE(2023,12,31)),"NR","NA")) -> NR | K82: ='[2]Evalutaion 24'!G59 -> 4 | L82: ='[2]Evalutaion 24'!H59 -> 4 | M82: =IF(COUNT(K82:L82)>0,AVERAGEIF(K82:L82,">=0"), IF(AND(ISNUMBER(D82),D82<=DATE(2024,12,31)),"NR","NA")) -> 4 | N82: ='[2]Evalution 25'!G72 -> 4 | O82: ='[2]Evalution 25'!H72 -> 4 | P82: =IF(COUNT(N82:O82)>0,AVERAGEIF(N82:O82,">=0"), IF(AND(ISNUMBER(D82),D82<=DATE(2025,12,31)),"NR","NA")) -> 4 | Q82: =AVERAGE(J82,M82,P82,) -> 2.6666667 | R82: =IF(P82="","", IF(OR(P82="NR",P82="NA"),"NA", IF(P82<3,"Poor", IF(P82<3.8,"Average","High") ))) -> High | S82: =IFERROR( _xlfn.XLOOKUP(Q82,[2]Result!$A$7:$A$15,[2]Result!$C$7:$C$15,"Out of range",-1),"N/A") -> 2B | T82: =IF($D82>DATE(2023,12,31),"NA",IF(J82="","NR",J82)) -> NR | U82: {=IF(OR(J82="NA",J82="NR",ISBLANK(J82)),J82,IFERROR(INDEX([2]Result!$C$7:$C$15,MATCH(1,(J82>=[2]Result!$A$7:$A$15)*(J82<=[2]Result!$B$7:$B$15),0)), "NA"))} -> NR | V82: =IF($D82>DATE(2024,12,31),"NA",IF(M82="","NR",M82)) -> 4 | W82: {=IF(OR(M82="NA",M82="NR",ISBLANK(M82)),M82,IFERROR(INDEX([2]Result!$C$7:$C$15,MATCH(1,(M82>=[2]Result!$A$7:$A$15)*(M82<=[2]Result!$B$7:$B$15),0)), "NA"))} -> 3A
A83: 72 | B83: 48343 | C83: ='[2]Evalution 25'!B73 -> Jad Gerges Abou Mitri | D83: 45240 | E83: ='[2]Evalution 25'!C73 -> Dubai | F83: ='[2]Evalution 25'!E73 -> Shahid Growth Senior Manager | G83: ='[2]Evalution 25'!D73 -> Client Growth | H83: - | I83: - | J83: =IF(COUNT(H83:I83)>0,AVERAGEIF(H83:I83,">=0"), IF(AND(ISNUMBER(D83),D83<=DATE(2023,12,31)),"NR","NA")) -> NR | K83: ='[2]Evalutaion 24'!G60 -> 3.8 | L83: ='[2]Evalutaion 24'!H60 -> 3.8 | M83: =IF(COUNT(K83:L83)>0,AVERAGEIF(K83:L83,">=0"), IF(AND(ISNUMBER(D83),D83<=DATE(2024,12,31)),"NR","NA")) -> 3.8 | N83: ='[2]Evalution 25'!G73 -> 3.3 | O83: ='[2]Evalution 25'!H73 -> 3.2 | P83: =IF(COUNT(N83:O83)>0,AVERAGEIF(N83:O83,">=0"), IF(AND(ISNUMBER(D83),D83<=DATE(2025,12,31)),"NR","NA")) -> 3.25 | Q83: =AVERAGE(J83,M83,P83,) -> 2.35 | R83: =IF(P83="","", IF(OR(P83="NR",P83="NA"),"NA", IF(P83<3,"Poor", IF(P83<3.8,"Average","High") ))) -> Average | S83: =IFERROR( _xlfn.XLOOKUP(Q83,[2]Result!$A$7:$A$15,[2]Result!$C$7:$C$15,"Out of range",-1),"N/A") -> 2A | T83: =IF($D83>DATE(2023,12,31),"NA",IF(J83="","NR",J83)) -> NR | U83: {=IF(OR(J83="NA",J83="NR",ISBLANK(J83)),J83,IFERROR(INDEX([2]Result!$C$7:$C$15,MATCH(1,(J83>=[2]Result!$A$7:$A$15)*(J83<=[2]Result!$B$7:$B$15),0)), "NA"))} -> NR | V83: =IF($D83>DATE(2024,12,31),"NA",IF(M83="","NR",M83)) -> 3.8 | W83: {=IF(OR(M83="NA",M83="NR",ISBLANK(M83)),M83,IFERROR(INDEX([2]Result!$C$7:$C$15,MATCH(1,(M83>=[2]Result!$A$7:$A$15)*(M83<=[2]Result!$B$7:$B$15),0)), "NA"))} -> 3A
A84: 73 | B84: 47873 | C84: ='[2]Evalution 25'!B74 -> Jad Wajdi Saab | D84: 45170 | E84: ='[2]Evalution 25'!C74 -> Dubai | F84: ='[2]Evalution 25'!E74 -> Shahid Growth Lead | G84: ='[2]Evalution 25'!D74 -> Client Growth | H84: ='[2]Evalutaion 23'!G47 -> 0 | I84: ='[2]Evalutaion 23'!H47 -> 4.3 | J84: =IF(COUNT(H84:I84)>0,AVERAGEIF(H84:I84,">=0"), IF(AND(ISNUMBER(D84),D84<=DATE(2023,12,31)),"NR","NA")) -> 2.15 | K84: ='[2]Evalutaion 24'!G61 -> 4.4 | L84: ='[2]Evalutaion 24'!H61 -> 4.2 | M84: =IF(COUNT(K84:L84)>0,AVERAGEIF(K84:L84,">=0"), IF(AND(ISNUMBER(D84),D84<=DATE(2024,12,31)),"NR","NA")) -> 4.3 | N84: ='[2]Evalution 25'!G74 -> 5 | O84: ='[2]Evalution 25'!H74 -> 5 | P84: =IF(COUNT(N84:O84)>0,AVERAGEIF(N84:O84,">=0"), IF(AND(ISNUMBER(D84),D84<=DATE(2025,12,31)),"NR","NA")) -> 5 | Q84: =AVERAGE(J84,M84,P84,) -> 2.8625 | R84: =IF(P84="","", IF(OR(P84="NR",P84="NA"),"NA", IF(P84<3,"Poor", IF(P84<3.8,"Average","High") ))) -> High | S84: =IFERROR( _xlfn.XLOOKUP(Q84,[2]Result!$A$7:$A$15,[2]Result!$C$7:$C$15,"Out of range",-1),"N/A") -> 2B | T84: =IF($D84>DATE(2023,12,31),"NA",IF(J84="","NR",J84)) -> 2.15 | U84: {=IF(OR(J84="NA",J84="NR",ISBLANK(J84)),J84,IFERROR(INDEX([2]Result!$C$7:$C$15,MATCH(1,(J84>=[2]Result!$A$7:$A$15)*(J84<=[2]Result!$B$7:$B$15),0)), "NA"))} -> 2A | V84: =IF($D84>DATE(2024,12,31),"NA",IF(M84="","NR",M84)) -> 4.3 | W84: {=IF(OR(M84="NA",M84="NR",ISBLANK(M84)),M84,IFERROR(INDEX([2]Result!$C$7:$C$15,MATCH(1,(M84>=[2]Result!$A$7:$A$15)*(M84<=[2]Result!$B$7:$B$15),0)), "NA"))} -> 3B
A85: 74 | B85: 10837 | C85: ='[2]Evalution 25'!B75 -> Jamil Kabbara | D85: 44255 | E85: ='[2]Evalution 25'!C75 -> Dubai | F85: ='[2]Evalution 25'!E75 -> Data Analytics Senior Manager | G85: ='[2]Evalution 25'!D75 -> Research | H85: ='[2]Evalutaion 23'!G48 -> 4.1 | I85: ='[2]Evalutaion 23'!H48 -> 4.3 | J85: =IF(COUNT(H85:I85)>0,AVERAGEIF(H85:I85,">=0"), IF(AND(ISNUMBER(D85),D85<=DATE(2023,12,31)),"NR","NA")) -> 4.2 | K85: ='[2]Evalutaion 24'!G62 -> 5 | L85: ='[2]Evalutaion 24'!H62 -> 5 | M85: =IF(COUNT(K85:L85)>0,AVERAGEIF(K85:L85,">=0"), IF(AND(ISNUMBER(D85),D85<=DATE(2024,12,31)),"NR","NA")) -> 5 | N85: ='[2]Evalution 25'!G75 -> 4.4 | O85: ='[2]Evalution 25'!H75 -> 4.5 | P85: =IF(COUNT(N85:O85)>0,AVERAGEIF(N85:O85,">=0"), IF(AND(ISNUMBER(D85),D85<=DATE(2025,12,31)),"NR","NA")) -> 4.45 | Q85: =AVERAGE(J85,M85,P85,) -> 3.4125 | R85: =IF(P85="","", IF(OR(P85="NR",P85="NA"),"NA", IF(P85<3,"Poor", IF(P85<3.8,"Average","High") ))) -> High | S85: =IFERROR( _xlfn.XLOOKUP(Q85,[2]Result!$A$7:$A$15,[2]Result!$C$7:$C$15,"Out of range",-1),"N/A") -> 2C | T85: =IF($D85>DATE(2023,12,31),"NA",IF(J85="","NR",J85)) -> 4.2 | U85: {=IF(OR(J85="NA",J85="NR",ISBLANK(J85)),J85,IFERROR(INDEX([2]Result!$C$7:$C$15,MATCH(1,(J85>=[2]Result!$A$7:$A$15)*(J85<=[2]Result!$B$7:$B$15),0)), "NA"))} -> 3B | V85: =IF($D85>DATE(2024,12,31),"NA",IF(M85="","NR",M85)) -> 5 | W85: {=IF(OR(M85="NA",M85="NR",ISBLANK(M85)),M85,IFERROR(INDEX([2]Result!$C$7:$C$15,MATCH(1,(M85>=[2]Result!$A$7:$A$15)*(M85<=[2]Result!$B$7:$B$15),0)), "NA"))} -> 3C
A86: 75 | B86: 5851 | C86: ='[2]Evalution 25'!B76 -> Jana Tebbo | D86: 44171 | E86: ='[2]Evalution 25'!C76 -> Dubai | F86: ='[2]Evalution 25'!E76 -> Senior Lawyer | G86: ='[2]Evalution 25'!D76 -> Legal | H86: ='[2]Evalutaion 23'!G49 -> 4 | I86: ='[2]Evalutaion 23'!H49 -> 3.5 | J86: =IF(COUNT(H86:I86)>0,AVERAGEIF(H86:I86,">=0"), IF(AND(ISNUMBER(D86),D86<=DATE(2023,12,31)),"NR","NA")) -> 3.75 | K86: ='[2]Evalutaion 24'!G63 -> 0 | L86: ='[2]Evalutaion 24'!H63 -> 0 | M86: =IF(COUNT(K86:L86)>0,AVERAGEIF(K86:L86,">=0"), IF(AND(ISNUMBER(D86),D86<=DATE(2024,12,31)),"NR","NA")) -> 0 | N86: ='[2]Evalution 25'!G76 -> 0 | O86: ='[2]Evalution 25'!H76 -> 0 | P86: =IF(COUNT(N86:O86)>0,AVERAGEIF(N86:O86,">=0"), IF(AND(ISNUMBER(D86),D86<=DATE(2025,12,31)),"NR","NA")) -> 0 | Q86: =AVERAGE(J86,M86,P86,) -> 0.9375 | R86: =IF(P86="","", IF(OR(P86="NR",P86="NA"),"NA", IF(P86<3,"Poor", IF(P86<3.8,"Average","High") ))) -> Poor | S86: =IFERROR( _xlfn.XLOOKUP(Q86,[2]Result!$A$7:$A$15,[2]Result!$C$7:$C$15,"Out of range",-1),"N/A") -> 1A | T86: =IF($D86>DATE(2023,12,31),"NA",IF(J86="","NR",J86)) -> 3.75 | U86: {=IF(OR(J86="NA",J86="NR",ISBLANK(J86)),J86,IFERROR(INDEX([2]Result!$C$7:$C$15,MATCH(1,(J86>=[2]Result!$A$7:$A$15)*(J86<=[2]Result!$B$7:$B$15),0)), "NA"))} -> 3A | V86: =IF($D86>DATE(2024,12,31),"NA",IF(M86="","NR",M86)) -> 0 | W86: {=IF(OR(M86="NA",M86="NR",ISBLANK(M86)),M86,IFERROR(INDEX([2]Result!$C$7:$C$15,MATCH(1,(M86>=[2]Result!$A$7:$A$15)*(M86<=[2]Result!$B$7:$B$15),0)), "NA"))} -> 1A
A87: 76 | B87: 47610 | C87: ='[2]Evalution 25'!B77 -> Jerome Gallon De Layola | D87: 45089 | E87: ='[2]Evalution 25'!C77 -> Dubai | F87: ='[2]Evalution 25'!E77 -> Senior Traffic Executive - Digital | G87: ='[2]Evalution 25'!D77 -> Traffic | H87: ='[2]Evalutaion 23'!G50 -> 3.8 | I87: ='[2]Evalutaion 23'!H50 -> 4 | J87: =IF(COUNT(H87:I87)>0,AVERAGEIF(H87:I87,">=0"), IF(AND(ISNUMBER(D87),D87<=DATE(2023,12,31)),"NR","NA")) -> 3.9 | K87: ='[2]Evalutaion 24'!G64 -> 3.8 | L87: ='[2]Evalutaion 24'!H64 -> 3.7 | M87: =IF(COUNT(K87:L87)>0,AVERAGEIF(K87:L87,">=0"), IF(AND(ISNUMBER(D87),D87<=DATE(2024,12,31)),"NR","NA")) -> 3.75 | N87: ='[2]Evalution 25'!G77 -> 4.7 | O87: ='[2]Evalution 25'!H77 -> 5 | P87: =IF(COUNT(N87:O87)>0,AVERAGEIF(N87:O87,">=0"), IF(AND(ISNUMBER(D87),D87<=DATE(2025,12,31)),"NR","NA")) -> 4.85 | Q87: =AVERAGE(J87,M87,P87,) -> 3.125 | R87: =IF(P87="","", IF(OR(P87="NR",P87="NA"),"NA", IF(P87<3,"Poor", IF(P87<3.8,"Average","High") ))) -> High | S87: =IFERROR( _xlfn.XLOOKUP(Q87,[2]Result!$A$7:$A$15,[2]Result!$C$7:$C$15,"Out of range",-1),"N/A") -> 2C | T87: =IF($D87>DATE(2023,12,31),"NA",IF(J87="","NR",J87)) -> 3.9 | U87: {=IF(OR(J87="NA",J87="NR",ISBLANK(J87)),J87,IFERROR(INDEX([2]Result!$C$7:$C$15,MATCH(1,(J87>=[2]Result!$A$7:$A$15)*(J87<=[2]Result!$B$7:$B$15),0)), "NA"))} -> 3A | V87: =IF($D87>DATE(2024,12,31),"NA",IF(M87="","NR",M87)) -> 3.75 | W87: {=IF(OR(M87="NA",M87="NR",ISBLANK(M87)),M87,IFERROR(INDEX([2]Result!$C$7:$C$15,MATCH(1,(M87>=[2]Result!$A$7:$A$15)*(M87<=[2]Result!$B$7:$B$15),0)), "NA"))} -> 3A
A88: 77 | B88: 47624 | C88: ='[2]Evalution 25'!B78 -> Joey Joseph Feghaly | D88: 45089 | E88: ='[2]Evalution 25'!C78 -> Dubai | F88: ='[2]Evalution 25'!E78 -> Shahid Growth Senior Manager | G88: ='[2]Evalution 25'!D78 -> Client Growth | H88: ='[2]Evalutaion 23'!G51 -> 0 | I88: ='[2]Evalutaion 23'!H51 -> 4.5 | J88: =IF(COUNT(H88:I88)>0,AVERAGEIF(H88:I88,">=0"), IF(AND(ISNUMBER(D88),D88<=DATE(2023,12,31)),"NR","NA")) -> 2.25 | K88: ='[2]Evalutaion 24'!G65 -> 5 | L88: ='[2]Evalutaion 24'!H65 -> 4.8 | M88: =IF(COUNT(K88:L88)>0,AVERAGEIF(K88:L88,">=0"), IF(AND(ISNUMBER(D88),D88<=DATE(2024,12,31)),"NR","NA")) -> 4.9 | N88: ='[2]Evalution 25'!G78 -> 4.2 | O88: ='[2]Evalution 25'!H78 -> 3.7 | P88: =IF(COUNT(N88:O88)>0,AVERAGEIF(N88:O88,">=0"), IF(AND(ISNUMBER(D88),D88<=DATE(2025,12,31)),"NR","NA")) -> 3.95 | Q88: =AVERAGE(J88,M88,P88,) -> 2.775 | R88: =IF(P88="","", IF(OR(P88="NR",P88="NA"),"NA", IF(P88<3,"Poor", IF(P88<3.8,"Average","High") ))) -> High | S88: =IFERROR( _xlfn.XLOOKUP(Q88,[2]Result!$A$7:$A$15,[2]Result!$C$7:$C$15,"Out of range",-1),"N/A") -> 2B | T88: =IF($D88>DATE(2023,12,31),"NA",IF(J88="","NR",J88)) -> 2.25 | U88: {=IF(OR(J88="NA",J88="NR",ISBLANK(J88)),J88,IFERROR(INDEX([2]Result!$C$7:$C$15,MATCH(1,(J88>=[2]Result!$A$7:$A$15)*(J88<=[2]Result!$B$7:$B$15),0)), "NA"))} -> 2A | V88: =IF($D88>DATE(2024,12,31),"NA",IF(M88="","NR",M88)) -> 4.9 | W88: {=IF(OR(M88="NA",M88="NR",ISBLANK(M88)),M88,IFERROR(INDEX([2]Result!$C$7:$C$15,MATCH(1,(M88>=[2]Result!$A$7:$A$15)*(M88<=[2]Result!$B$7:$B$15),0)), "NA"))} -> 3C
A89: 78 | B89: 10313 | C89: ='[2]Evalution 25'!B79 -> Juel Marticho | D89: 44160 | E89: ='[2]Evalution 25'!C79 -> Dubai | F89: ='[2]Evalution 25'!E79 -> Shahid Planning Operation Executive | G89: ='[2]Evalution 25'!D79 -> Client Growth | H89: ='[2]Evalutaion 23'!G52 -> 3.7 | I89: ='[2]Evalutaion 23'!H52 -> 3.7 | J89: =IF(COUNT(H89:I89)>0,AVERAGEIF(H89:I89,">=0"), IF(AND(ISNUMBER(D89),D89<=DATE(2023,12,31)),"NR","NA")) -> 3.7 | K89: ='[2]Evalutaion 24'!H66 -> 4.2 | L89: ='[2]Evalutaion 24'!H66 -> 4.2 | M89: =IF(COUNT(K89:L89)>0,AVERAGEIF(K89:L89,">=0"), IF(AND(ISNUMBER(D89),D89<=DATE(2024,12,31)),"NR","NA")) -> 4.2 | N89: ='[2]Evalution 25'!G79 -> 4.7 | O89: ='[2]Evalution 25'!H79 -> 4.7 | P89: =IF(COUNT(N89:O89)>0,AVERAGEIF(N89:O89,">=0"), IF(AND(ISNUMBER(D89),D89<=DATE(2025,12,31)),"NR","NA")) -> 4.7 | Q89: =AVERAGE(J89,M89,P89,) -> 3.15 | R89: =IF(P89="","", IF(OR(P89="NR",P89="NA"),"NA", IF(P89<3,"Poor", IF(P89<3.8,"Average","High") ))) -> High | S89: =IFERROR( _xlfn.XLOOKUP(Q89,[2]Result!$A$7:$A$15,[2]Result!$C$7:$C$15,"Out of range",-1),"N/A") -> 2C | T89: =IF($D89>DATE(2023,12,31),"NA",IF(J89="","NR",J89)) -> 3.7 | U89: {=IF(OR(J89="NA",J89="NR",ISBLANK(J89)),J89,IFERROR(INDEX([2]Result!$C$7:$C$15,MATCH(1,(J89>=[2]Result!$A$7:$A$15)*(J89<=[2]Result!$B$7:$B$15),0)), "NA"))} -> 3A | V89: =IF($D89>DATE(2024,12,31),"NA",IF(M89="","NR",M89)) -> 4.2 | W89: {=IF(OR(M89="NA",M89="NR",ISBLANK(M89)),M89,IFERROR(INDEX([2]Result!$C$7:$C$15,MATCH(1,(M89>=[2]Result!$A$7:$A$15)*(M89<=[2]Result!$B$7:$B$15),0)), "NA"))} -> 3B
A90: 79 | B90: 10867 | C90: ='[2]Evalution 25'!B80 -> Mohamed Mokhtar Fouad Mohamed | D90: 44615 | E90: ='[2]Evalution 25'!C80 -> Riyadh | F90: ='[2]Evalution 25'!E80 -> Accountant Supervisor | G90: ='[2]Evalution 25'!D80 -> Finance | H90: ='[2]Evalutaion 23'!G53 -> 4 | I90: ='[2]Evalutaion 23'!H53 -> 3.5 | J90: =IF(COUNT(H90:I90)>0,AVERAGEIF(H90:I90,">=0"), IF(AND(ISNUMBER(D90),D90<=DATE(2023,12,31)),"NR","NA")) -> 3.75 | K90: ='[2]Evalutaion 24'!G67 -> 3.8 | L90: ='[2]Evalutaion 24'!H67 -> 3.7 | M90: =IF(COUNT(K90:L90)>0,AVERAGEIF(K90:L90,">=0"), IF(AND(ISNUMBER(D90),D90<=DATE(2024,12,31)),"NR","NA")) -> 3.75 | N90: ='[2]Evalution 25'!G80 -> 4 | O90: ='[2]Evalution 25'!H80 -> 4 | P90: =IF(COUNT(N90:O90)>0,AVERAGEIF(N90:O90,">=0"), IF(AND(ISNUMBER(D90),D90<=DATE(2025,12,31)),"NR","NA")) -> 4 | Q90: =AVERAGE(J90,M90,P90,) -> 2.875 | R90: =IF(P90="","", IF(OR(P90="NR",P90="NA"),"NA", IF(P90<3,"Poor", IF(P90<3.8,"Average","High") ))) -> High | S90: =IFERROR( _xlfn.XLOOKUP(Q90,[2]Result!$A$7:$A$15,[2]Result!$C$7:$C$15,"Out of range",-1),"N/A") -> 2B | T90: =IF($D90>DATE(2023,12,31),"NA",IF(J90="","NR",J90)) -> 3.75 | U90: {=IF(OR(J90="NA",J90="NR",ISBLANK(J90)),J90,IFERROR(INDEX([2]Result!$C$7:$C$15,MATCH(1,(J90>=[2]Result!$A$7:$A$15)*(J90<=[2]Result!$B$7:$B$15),0)), "NA"))} -> 3A | V90: =IF($D90>DATE(2024,12,31),"NA",IF(M90="","NR",M90)) -> 3.75 | W90: {=IF(OR(M90="NA",M90="NR",ISBLANK(M90)),M90,IFERROR(INDEX([2]Result!$C$7:$C$15,MATCH(1,(M90>=[2]Result!$A$7:$A$15)*(M90<=[2]Result!$B$7:$B$15),0)), "NA"))} -> 3A
A91: 80 | B91: 48345 | C91: ='[2]Evalution 25'!B81 -> Pornpimol Suttachat | D91: 45245 | E91: ='[2]Evalution 25'!C81 -> Dubai | F91: ='[2]Evalution 25'!E81 -> Commercial Financial Analyst-MMS | G91: ='[2]Evalution 25'!D81 -> Finance | H91: - | I91: - | J91: =IF(COUNT(H91:I91)>0,AVERAGEIF(H91:I91,">=0"), IF(AND(ISNUMBER(D91),D91<=DATE(2023,12,31)),"NR","NA")) -> NR | K91: ='[2]Evalutaion 24'!G68 -> 3.5 | L91: ='[2]Evalutaion 24'!H68 -> 3.3 | M91: =IF(COUNT(K91:L91)>0,AVERAGEIF(K91:L91,">=0"), IF(AND(ISNUMBER(D91),D91<=DATE(2024,12,31)),"NR","NA")) -> 3.4 | N91: ='[2]Evalution 25'!G81 -> 3.6 | O91: ='[2]Evalution 25'!H81 -> 4.2 | P91: =IF(COUNT(N91:O91)>0,AVERAGEIF(N91:O91,">=0"), IF(AND(ISNUMBER(D91),D91<=DATE(2025,12,31)),"NR","NA")) -> 3.9 | Q91: =AVERAGE(J91,M91,P91,) -> 2.4333333 | R91: =IF(P91="","", IF(OR(P91="NR",P91="NA"),"NA", IF(P91<3,"Poor", IF(P91<3.8,"Average","High") ))) -> High | S91: =IFERROR( _xlfn.XLOOKUP(Q91,[2]Result!$A$7:$A$15,[2]Result!$C$7:$C$15,"Out of range",-1),"N/A") -> 2A | T91: =IF($D91>DATE(2023,12,31),"NA",IF(J91="","NR",J91)) -> NR | U91: {=IF(OR(J91="NA",J91="NR",ISBLANK(J91)),J91,IFERROR(INDEX([2]Result!$C$7:$C$15,MATCH(1,(J91>=[2]Result!$A$7:$A$15)*(J91<=[2]Result!$B$7:$B$15),0)), "NA"))} -> NR | V91: =IF($D91>DATE(2024,12,31),"NA",IF(M91="","NR",M91)) -> 3.4 | W91: {=IF(OR(M91="NA",M91="NR",ISBLANK(M91)),M91,IFERROR(INDEX([2]Result!$C$7:$C$15,MATCH(1,(M91>=[2]Result!$A$7:$A$15)*(M91<=[2]Result!$B$7:$B$15),0)), "NA"))} -> 2C
A92: 81 | B92: 49977 | C92: ='[2]Evalution 25'!B82 -> Karim Nasr abdelsalam Ibrahim | D92: 45627 | E92: ='[2]Evalution 25'!C82 -> Cairo | F92: ='[2]Evalution 25'!E82 -> Runner | G92: ='[2]Evalution 25'!D82 -> Admin | H92: - | I92: - | J92: =IF(COUNT(H92:I92)>0,AVERAGEIF(H92:I92,">=0"), IF(AND(ISNUMBER(D92),D92<=DATE(2023,12,31)),"NR","NA")) -> NA | K92: - | L92: - | M92: =IF(COUNT(K92:L92)>0,AVERAGEIF(K92:L92,">=0"), IF(AND(ISNUMBER(D92),D92<=DATE(2024,12,31)),"NR","NA")) -> NR | N92: ='[2]Evalution 25'!G82 -> 3 | O92: ='[2]Evalution 25'!H82 -> 3 | P92: =IF(COUNT(N92:O92)>0,AVERAGEIF(N92:O92,">=0"), IF(AND(ISNUMBER(D92),D92<=DATE(2025,12,31)),"NR","NA")) -> 3 | Q92: =AVERAGE(J92,M92,P92,) -> 1.5 | R92: =IF(P92="","", IF(OR(P92="NR",P92="NA"),"NA", IF(P92<3,"Poor", IF(P92<3.8,"Average","High") ))) -> Average | S92: =IFERROR( _xlfn.XLOOKUP(Q92,[2]Result!$A$7:$A$15,[2]Result!$C$7:$C$15,"Out of range",-1),"N/A") -> 1B | T92: =IF($D92>DATE(2023,12,31),"NA",IF(J92="","NR",J92)) -> NA | U92: {=IF(OR(J92="NA",J92="NR",ISBLANK(J92)),J92,IFERROR(INDEX([2]Result!$C$7:$C$15,MATCH(1,(J92>=[2]Result!$A$7:$A$15)*(J92<=[2]Result!$B$7:$B$15),0)), "NA"))} -> NA | V92: =IF($D92>DATE(2024,12,31),"NA",IF(M92="","NR",M92)) -> NR | W92: {=IF(OR(M92="NA",M92="NR",ISBLANK(M92)),M92,IFERROR(INDEX([2]Result!$C$7:$C$15,MATCH(1,(M92>=[2]Result!$A$7:$A$15)*(M92<=[2]Result!$B$7:$B$15),0)), "NA"))} -> NR
A93: 82 | B93: 31245 | C93: ='[2]Evalution 25'!B83 -> Karim Zead Soubra | D93: 44271 | E93: ='[2]Evalution 25'!C83 -> Riyadh | F93: ='[2]Evalution 25'!E83 -> Client Growth Associate Director | G93: ='[2]Evalution 25'!D83 -> Client Growth | H93: ='[2]Evalutaion 23'!G54 -> 4.4 | I93: ='[2]Evalutaion 23'!H54 -> 4.5 | J93: =IF(COUNT(H93:I93)>0,AVERAGEIF(H93:I93,">=0"), IF(AND(ISNUMBER(D93),D93<=DATE(2023,12,31)),"NR","NA")) -> 4.45 | K93: ='[2]Evalutaion 24'!G69 -> 5 | L93: ='[2]Evalutaion 24'!H69 -> 5 | M93: =IF(COUNT(K93:L93)>0,AVERAGEIF(K93:L93,">=0"), IF(AND(ISNUMBER(D93),D93<=DATE(2024,12,31)),"NR","NA")) -> 5 | N93: ='[2]Evalution 25'!G83 -> 4.2 | O93: ='[2]Evalution 25'!H83 -> 3.3 | P93: =IF(COUNT(N93:O93)>0,AVERAGEIF(N93:O93,">=0"), IF(AND(ISNUMBER(D93),D93<=DATE(2025,12,31)),"NR","NA")) -> 3.75 | Q93: =AVERAGE(J93,M93,P93,) -> 3.3 | R93: =IF(P93="","", IF(OR(P93="NR",P93="NA"),"NA", IF(P93<3,"Poor", IF(P93<3.8,"Average","High") ))) -> Average | S93: =IFERROR( _xlfn.XLOOKUP(Q93,[2]Result!$A$7:$A$15,[2]Result!$C$7:$C$15,"Out of range",-1),"N/A") -> 2C | T93: =IF($D93>DATE(2023,12,31),"NA",IF(J93="","NR",J93)) -> 4.45 | U93: {=IF(OR(J93="NA",J93="NR",ISBLANK(J93)),J93,IFERROR(INDEX([2]Result!$C$7:$C$15,MATCH(1,(J93>=[2]Result!$A$7:$A$15)*(J93<=[2]Result!$B$7:$B$15),0)), "NA"))} -> 3B | V93: =IF($D93>DATE(2024,12,31),"NA",IF(M93="","NR",M93)) -> 5 | W93: {=IF(OR(M93="NA",M93="NR",ISBLANK(M93)),M93,IFERROR(INDEX([2]Result!$C$7:$C$15,MATCH(1,(M93>=[2]Result!$A$7:$A$15)*(M93<=[2]Result!$B$7:$B$15),0)), "NA"))} -> 3C
A94: 83 | B94: 49002 | C94: ='[2]Evalution 25'!B84 -> Karl Chedraui Bassil | D94: 45398 | E94: ='[2]Evalution 25'!C84 -> Dubai | F94: ='[2]Evalution 25'!E84 -> Integrated Media Manager | G94: ='[2]Evalution 25'!D84 -> Research | H94: - | I94: - | J94: =IF(COUNT(H94:I94)>0,AVERAGEIF(H94:I94,">=0"), IF(AND(ISNUMBER(D94),D94<=DATE(2023,12,31)),"NR","NA")) -> NA | K94: ='[2]Evalutaion 24'!G70 -> 5 | L94: ='[2]Evalutaion 24'!H70 -> 5 | M94: =IF(COUNT(K94:L94)>0,AVERAGEIF(K94:L94,">=0"), IF(AND(ISNUMBER(D94),D94<=DATE(2024,12,31)),"NR","NA")) -> 5 | N94: ='[2]Evalution 25'!G84 -> 4.5 | O94: ='[2]Evalution 25'!H84 -> 4.8 | P94: =IF(COUNT(N94:O94)>0,AVERAGEIF(N94:O94,">=0"), IF(AND(ISNUMBER(D94),D94<=DATE(2025,12,31)),"NR","NA")) -> 4.65 | Q94: =AVERAGE(J94,M94,P94,) -> 3.2166667 | R94: =IF(P94="","", IF(OR(P94="NR",P94="NA"),"NA", IF(P94<3,"Poor", IF(P94<3.8,"Average","High") ))) -> High | S94: =IFERROR( _xlfn.XLOOKUP(Q94,[2]Result!$A$7:$A$15,[2]Result!$C$7:$C$15,"Out of range",-1),"N/A") -> 2C | T94: =IF($D94>DATE(2023,12,31),"NA",IF(J94="","NR",J94)) -> NA | U94: {=IF(OR(J94="NA",J94="NR",ISBLANK(J94)),J94,IFERROR(INDEX([2]Result!$C$7:$C$15,MATCH(1,(J94>=[2]Result!$A$7:$A$15)*(J94<=[2]Result!$B$7:$B$15),0)), "NA"))} -> NA | V94: =IF($D94>DATE(2024,12,31),"NA",IF(M94="","NR",M94)) -> 5 | W94: {=IF(OR(M94="NA",M94="NR",ISBLANK(M94)),M94,IFERROR(INDEX([2]Result!$C$7:$C$15,MATCH(1,(M94>=[2]Result!$A$7:$A$15)*(M94<=[2]Result!$B$7:$B$15),0)), "NA"))} -> 3C
A95: 84 | B95: 2069 | C95: ='[2]Evalution 25'!B85 -> Latifa Hamza Mohamed Shareef A Rahman Al Janahi | D95: 39334 | E95: ='[2]Evalution 25'!C85 -> Dubai | F95: ='[2]Evalution 25'!E85 -> Client Growth Director | G95: ='[2]Evalution 25'!D85 -> Client Growth | H95: ='[2]Evalutaion 23'!G55 -> 5 | I95: ='[2]Evalutaion 23'!H55 -> 5 | J95: =IF(COUNT(H95:I95)>0,AVERAGEIF(H95:I95,">=0"), IF(AND(ISNUMBER(D95),D95<=DATE(2023,12,31)),"NR","NA")) -> 5 | K95: ='[2]Evalutaion 24'!G71 -> 5 | L95: ='[2]Evalutaion 24'!H71 -> 5 | M95: =IF(COUNT(K95:L95)>0,AVERAGEIF(K95:L95,">=0"), IF(AND(ISNUMBER(D95),D95<=DATE(2024,12,31)),"NR","NA")) -> 5 | N95: ='[2]Evalution 25'!G85 -> 5 | O95: ='[2]Evalution 25'!H85 -> 4.7 | P95: =IF(COUNT(N95:O95)>0,AVERAGEIF(N95:O95,">=0"), IF(AND(ISNUMBER(D95),D95<=DATE(2025,12,31)),"NR","NA")) -> 4.85 | Q95: =AVERAGE(J95,M95,P95,) -> 3.7125 | R95: =IF(P95="","", IF(OR(P95="NR",P95="NA"),"NA", IF(P95<3,"Poor", IF(P95<3.8,"Average","High") ))) -> High | S95: =IFERROR( _xlfn.XLOOKUP(Q95,[2]Result!$A$7:$A$15,[2]Result!$C$7:$C$15,"Out of range",-1),"N/A") -> 3A | T95: =IF($D95>DATE(2023,12,31),"NA",IF(J95="","NR",J95)) -> 5 | U95: {=IF(OR(J95="NA",J95="NR",ISBLANK(J95)),J95,IFERROR(INDEX([2]Result!$C$7:$C$15,MATCH(1,(J95>=[2]Result!$A$7:$A$15)*(J95<=[2]Result!$B$7:$B$15),0)), "NA"))} -> 3C | V95: =IF($D95>DATE(2024,12,31),"NA",IF(M95="","NR",M95)) -> 5 | W95: {=IF(OR(M95="NA",M95="NR",ISBLANK(M95)),M95,IFERROR(INDEX([2]Result!$C$7:$C$15,MATCH(1,(M95>=[2]Result!$A$7:$A$15)*(M95<=[2]Result!$B$7:$B$15),0)), "NA"))} -> 3C
A96: 85 | B96: 50597 | C96: ='[2]Evalution 25'!B86 -> Latifa Riyadh Abdullah Alshalhoub | D96: 45823 | E96: ='[2]Evalution 25'!C86 -> Riyadh | F96: ='[2]Evalution 25'!E86 -> Graphics Designer | G96: ='[2]Evalution 25'!D86 -> Marketing | H96: - | I96: - | J96: =IF(COUNT(H96:I96)>0,AVERAGEIF(H96:I96,">=0"), IF(AND(ISNUMBER(D96),D96<=DATE(2023,12,31)),"NR","NA")) -> NA | K96: - | L96: - | M96: =IF(COUNT(K96:L96)>0,AVERAGEIF(K96:L96,">=0"), IF(AND(ISNUMBER(D96),D96<=DATE(2024,12,31)),"NR","NA")) -> NA | N96: ='[2]Evalution 25'!G86 -> 5 | O96: ='[2]Evalution 25'!H86 -> 5 | P96: =IF(COUNT(N96:O96)>0,AVERAGEIF(N96:O96,">=0"), IF(AND(ISNUMBER(D96),D96<=DATE(2025,12,31)),"NR","NA")) -> 5 | Q96: =AVERAGE(J96,M96,P96,) -> 2.5 | R96: =IF(P96="","", IF(OR(P96="NR",P96="NA"),"NA", IF(P96<3,"Poor", IF(P96<3.8,"Average","High") ))) -> High | S96: =IFERROR( _xlfn.XLOOKUP(Q96,[2]Result!$A$7:$A$15,[2]Result!$C$7:$C$15,"Out of range",-1),"N/A") -> 2A | T96: =IF($D96>DATE(2023,12,31),"NA",IF(J96="","NR",J96)) -> NA | U96: {=IF(OR(J96="NA",J96="NR",ISBLANK(J96)),J96,IFERROR(INDEX([2]Result!$C$7:$C$15,MATCH(1,(J96>=[2]Result!$A$7:$A$15)*(J96<=[2]Result!$B$7:$B$15),0)), "NA"))} -> NA | V96: =IF($D96>DATE(2024,12,31),"NA",IF(M96="","NR",M96)) -> NA | W96: {=IF(OR(M96="NA",M96="NR",ISBLANK(M96)),M96,IFERROR(INDEX([2]Result!$C$7:$C$15,MATCH(1,(M96>=[2]Result!$A$7:$A$15)*(M96<=[2]Result!$B$7:$B$15),0)), "NA"))} -> NA
A97: 86 | B97: 49442 | C97: ='[2]Evalution 25'!B87 -> Laura Nizar Nayef Younes | D97: 45481 | E97: ='[2]Evalution 25'!C87 -> Dubai | F97: ='[2]Evalution 25'!E87 -> Client Growth Executive | G97: ='[2]Evalution 25'!D87 -> Client Growth | H97: - | I97: - | J97: =IF(COUNT(H97:I97)>0,AVERAGEIF(H97:I97,">=0"), IF(AND(ISNUMBER(D97),D97<=DATE(2023,12,31)),"NR","NA")) -> NA | K97: ='[2]Evalutaion 24'!G72 -> 3.8 | L97: ='[2]Evalutaion 24'!H72 -> 3.8 | M97: =IF(COUNT(K97:L97)>0,AVERAGEIF(K97:L97,">=0"), IF(AND(ISNUMBER(D97),D97<=DATE(2024,12,31)),"NR","NA")) -> 3.8 | N97: ='[2]Evalution 25'!G87 -> 3.8 | O97: ='[2]Evalution 25'!H87 -> 4.2 | P97: =IF(COUNT(N97:O97)>0,AVERAGEIF(N97:O97,">=0"), IF(AND(ISNUMBER(D97),D97<=DATE(2025,12,31)),"NR","NA")) -> 4 | Q97: =AVERAGE(J97,M97,P97,) -> 2.6 | R97: =IF(P97="","", IF(OR(P97="NR",P97="NA"),"NA", IF(P97<3,"Poor", IF(P97<3.8,"Average","High") ))) -> High | S97: =IFERROR( _xlfn.XLOOKUP(Q97,[2]Result!$A$7:$A$15,[2]Result!$C$7:$C$15,"Out of range",-1),"N/A") -> 2B | T97: =IF($D97>DATE(2023,12,31),"NA",IF(J97="","NR",J97)) -> NA | U97: {=IF(OR(J97="NA",J97="NR",ISBLANK(J97)),J97,IFERROR(INDEX([2]Result!$C$7:$C$15,MATCH(1,(J97>=[2]Result!$A$7:$A$15)*(J97<=[2]Result!$B$7:$B$15),0)), "NA"))} -> NA | V97: =IF($D97>DATE(2024,12,31),"NA",IF(M97="","NR",M97)) -> 3.8 | W97: {=IF(OR(M97="NA",M97="NR",ISBLANK(M97)),M97,IFERROR(INDEX([2]Result!$C$7:$C$15,MATCH(1,(M97>=[2]Result!$A$7:$A$15)*(M97<=[2]Result!$B$7:$B$15),0)), "NA"))} -> 3A
A98: 87 | B98: 10307 | C98: ='[2]Evalution 25'!B88 -> Layal Takieddine | D98: 44150 | E98: ='[2]Evalution 25'!C88 -> Dubai | F98: ='[2]Evalution 25'!E88 -> Head of Marketing-MMS | G98: ='[2]Evalution 25'!D88 -> Marketing | H98: ='[2]Evalutaion 23'!G56 -> 4.2 | I98: ='[2]Evalutaion 23'!H56 -> 3.7 | J98: =IF(COUNT(H98:I98)>0,AVERAGEIF(H98:I98,">=0"), IF(AND(ISNUMBER(D98),D98<=DATE(2023,12,31)),"NR","NA")) -> 3.95 | K98: ='[2]Evalutaion 24'!G73 -> 4 | L98: ='[2]Evalutaion 24'!H73 -> 0 | M98: =IF(COUNT(K98:L98)>0,AVERAGEIF(K98:L98,">=0"), IF(AND(ISNUMBER(D98),D98<=DATE(2024,12,31)),"NR","NA")) -> 2 | N98: ='[2]Evalution 25'!G88 -> 4.4 | O98: ='[2]Evalution 25'!H88 -> 4.5 | P98: =IF(COUNT(N98:O98)>0,AVERAGEIF(N98:O98,">=0"), IF(AND(ISNUMBER(D98),D98<=DATE(2025,12,31)),"NR","NA")) -> 4.45 | Q98: =AVERAGE(J98,M98,P98,) -> 2.6 | R98: =IF(P98="","", IF(OR(P98="NR",P98="NA"),"NA", IF(P98<3,"Poor", IF(P98<3.8,"Average","High") ))) -> High | S98: =IFERROR( _xlfn.XLOOKUP(Q98,[2]Result!$A$7:$A$15,[2]Result!$C$7:$C$15,"Out of range",-1),"N/A") -> 2B | T98: =IF($D98>DATE(2023,12,31),"NA",IF(J98="","NR",J98)) -> 3.95 | U98: {=IF(OR(J98="NA",J98="NR",ISBLANK(J98)),J98,IFERROR(INDEX([2]Result!$C$7:$C$15,MATCH(1,(J98>=[2]Result!$A$7:$A$15)*(J98<=[2]Result!$B$7:$B$15),0)), "NA"))} -> 3A | V98: =IF($D98>DATE(2024,12,31),"NA",IF(M98="","NR",M98)) -> 2 | W98: {=IF(OR(M98="NA",M98="NR",ISBLANK(M98)),M98,IFERROR(INDEX([2]Result!$C$7:$C$15,MATCH(1,(M98>=[2]Result!$A$7:$A$15)*(M98<=[2]Result!$B$7:$B$15),0)), "NA"))} -> 1C
A99: 88 | B99: 50816 | C99: ='[2]Evalution 25'!B89 -> Ahmed mohamed saadeldin gafaar | D99: 45901 | E99: ='[2]Evalution 25'!C89 -> Cairo | F99: ='[2]Evalution 25'!E89 -> Chief Accountant | G99: ='[2]Evalution 25'!D89 -> Finance | H99: - | I99: - | J99: =IF(COUNT(H99:I99)>0,AVERAGEIF(H99:I99,">=0"), IF(AND(ISNUMBER(D99),D99<=DATE(2023,12,31)),"NR","NA")) -> NA | K99: - | L99: - | M99: =IF(COUNT(K99:L99)>0,AVERAGEIF(K99:L99,">=0"), IF(AND(ISNUMBER(D99),D99<=DATE(2024,12,31)),"NR","NA")) -> NA | N99: ='[2]Evalution 25'!G89 -> 3.8 | O99: ='[2]Evalution 25'!H89 -> 3.7 | P99: =IF(COUNT(N99:O99)>0,AVERAGEIF(N99:O99,">=0"), IF(AND(ISNUMBER(D99),D99<=DATE(2025,12,31)),"NR","NA")) -> 3.75 | Q99: =AVERAGE(J99,M99,P99,) -> 1.875 | R99: =IF(P99="","", IF(OR(P99="NR",P99="NA"),"NA", IF(P99<3,"Poor", IF(P99<3.8,"Average","High") ))) -> Average | S99: =IFERROR( _xlfn.XLOOKUP(Q99,[2]Result!$A$7:$A$15,[2]Result!$C$7:$C$15,"Out of range",-1),"N/A") -> 1C | T99: =IF($D99>DATE(2023,12,31),"NA",IF(J99="","NR",J99)) -> NA | U99: {=IF(OR(J99="NA",J99="NR",ISBLANK(J99)),J99,IFERROR(INDEX([2]Result!$C$7:$C$15,MATCH(1,(J99>=[2]Result!$A$7:$A$15)*(J99<=[2]Result!$B$7:$B$15),0)), "NA"))} -> NA | V99: =IF($D99>DATE(2024,12,31),"NA",IF(M99="","NR",M99)) -> NA | W99: {=IF(OR(M99="NA",M99="NR",ISBLANK(M99)),M99,IFERROR(INDEX([2]Result!$C$7:$C$15,MATCH(1,(M99>=[2]Result!$A$7:$A$15)*(M99<=[2]Result!$B$7:$B$15),0)), "NA"))} -> NA
A100: 89 | B100: 48189 | C100: ='[2]Evalution 25'!B90 -> Leenah Hashim Almehdar | D100: 45207 | E100: ='[2]Evalution 25'!C90 -> Jeddah | F100: ='[2]Evalution 25'!E90 -> Client Growth Senior Manager | G100: ='[2]Evalution 25'!D90 -> Client Growth | H100: - | I100: - | J100: =IF(COUNT(H100:I100)>0,AVERAGEIF(H100:I100,">=0"), IF(AND(ISNUMBER(D100),D100<=DATE(2023,12,31)),"NR","NA")) -> NR | K100: ='[2]Evalutaion 24'!G74 -> 3.8 | L100: ='[2]Evalutaion 24'!H74 -> 5 | M100: =IF(COUNT(K100:L100)>0,AVERAGEIF(K100:L100,">=0"), IF(AND(ISNUMBER(D100),D100<=DATE(2024,12,31)),"NR","NA")) -> 4.4 | N100: ='[2]Evalution 25'!G90 -> 4.4 | O100: ='[2]Evalution 25'!H90 -> 4.7 | P100: =IF(COUNT(N100:O100)>0,AVERAGEIF(N100:O100,">=0"), IF(AND(ISNUMBER(D100),D100<=DATE(2025,12,31)),"NR","NA")) -> 4.55 | Q100: =AVERAGE(J100,M100,P100,) -> 2.9833333 | R100: =IF(P100="","", IF(OR(P100="NR",P100="NA"),"NA", IF(P100<3,"Poor", IF(P100<3.8,"Average","High") ))) -> High | S100: =IFERROR( _xlfn.XLOOKUP(Q100,[2]Result!$A$7:$A$15,[2]Result!$C$7:$C$15,"Out of range",-1),"N/A") -> 2B | T100: =IF($D100>DATE(2023,12,31),"NA",IF(J100="","NR",J100)) -> NR | U100: {=IF(OR(J100="NA",J100="NR",ISBLANK(J100)),J100,IFERROR(INDEX([2]Result!$C$7:$C$15,MATCH(1,(J100>=[2]Result!$A$7:$A$15)*(J100<=[2]Result!$B$7:$B$15),0)), "NA"))} -> NR | V100: =IF($D100>DATE(2024,12,31),"NA",IF(M100="","NR",M100)) -> 4.4 | W100: {=IF(OR(M100="NA",M100="NR",ISBLANK(M100)),M100,IFERROR(INDEX([2]Result!$C$7:$C$15,MATCH(1,(M100>=[2]Result!$A$7:$A$15)*(M100<=[2]Result!$B$7:$B$15),0)), "NA"))} -> 3B
A101: 90 | B101: 47722 | C101: ='[2]Evalution 25'!B91 -> Lobna Sherif Mahmoud Kamel Anis | D101: 45078 | E101: ='[2]Evalution 25'!C91 -> Cairo | F101: ='[2]Evalution 25'!E91 -> Sales Senior Manager | G101: ='[2]Evalution 25'!D91 -> Agency Partnerships | H101: ='[2]Evalutaion 23'!G57 -> 3.3 | I101: ='[2]Evalutaion 23'!H57 -> 3.5 | J101: =IF(COUNT(H101:I101)>0,AVERAGEIF(H101:I101,">=0"), IF(AND(ISNUMBER(D101),D101<=DATE(2023,12,31)),"NR","NA")) -> 3.4 | K101: ='[2]Evalutaion 24'!G75 -> 3 | L101: ='[2]Evalutaion 24'!H75 -> 3.3 | M101: =IF(COUNT(K101:L101)>0,AVERAGEIF(K101:L101,">=0"), IF(AND(ISNUMBER(D101),D101<=DATE(2024,12,31)),"NR","NA")) -> 3.15 | N101: ='[2]Evalution 25'!G91 -> 3.5 | O101: ='[2]Evalution 25'!H91 -> 3.7 | P101: =IF(COUNT(N101:O101)>0,AVERAGEIF(N101:O101,">=0"), IF(AND(ISNUMBER(D101),D101<=DATE(2025,12,31)),"NR","NA")) -> 3.6 | Q101: =AVERAGE(J101,M101,P101,) -> 2.5375 | R101: =IF(P101="","", IF(OR(P101="NR",P101="NA"),"NA", IF(P101<3,"Poor", IF(P101<3.8,"Average","High") ))) -> Average | S101: =IFERROR( _xlfn.XLOOKUP(Q101,[2]Result!$A$7:$A$15,[2]Result!$C$7:$C$15,"Out of range",-1),"N/A") -> 2A | T101: =IF($D101>DATE(2023,12,31),"NA",IF(J101="","NR",J101)) -> 3.4 | U101: {=IF(OR(J101="NA",J101="NR",ISBLANK(J101)),J101,IFERROR(INDEX([2]Result!$C$7:$C$15,MATCH(1,(J101>=[2]Result!$A$7:$A$15)*(J101<=[2]Result!$B$7:$B$15),0)), "NA"))} -> 2C | V101: =IF($D101>DATE(2024,12,31),"NA",IF(M101="","NR",M101)) -> 3.15 | W101: {=IF(OR(M101="NA",M101="NR",ISBLANK(M101)),M101,IFERROR(INDEX([2]Result!$C$7:$C$15,MATCH(1,(M101>=[2]Result!$A$7:$A$15)*(M101<=[2]Result!$B$7:$B$15),0)), "NA"))} -> 2C
A102: 91 | B102: 6573 | C102: ='[2]Evalution 25'!B92 -> Mahmoud Ibrahim Mohamed Elkholy | D102: 44293 | E102: ='[2]Evalution 25'!C92 -> Cairo | F102: ='[2]Evalution 25'!E92 -> Client Service Senior Supervisor | G102: ='[2]Evalution 25'!D92 -> Agency Partnerships | H102: - | I102: - | J102: =IF(COUNT(H102:I102)>0,AVERAGEIF(H102:I102,">=0"), IF(AND(ISNUMBER(D102),D102<=DATE(2023,12,31)),"NR","NA")) -> NR | K102: ='[2]Evalutaion 24'!G76 -> 3.8 | L102: ='[2]Evalutaion 24'!H76 -> 3.8 | M102: =IF(COUNT(K102:L102)>0,AVERAGEIF(K102:L102,">=0"), IF(AND(ISNUMBER(D102),D102<=DATE(2024,12,31)),"NR","NA")) -> 3.8 | N102: ='[2]Evalution 25'!G92 -> 3.8 | O102: ='[2]Evalution 25'!H92 -> 3.7 | P102: =IF(COUNT(N102:O102)>0,AVERAGEIF(N102:O102,">=0"), IF(AND(ISNUMBER(D102),D102<=DATE(2025,12,31)),"NR","NA")) -> 3.75 | Q102: =AVERAGE(J102,M102,P102,) -> 2.5166667 | R102: =IF(P102="","", IF(OR(P102="NR",P102="NA"),"NA", IF(P102<3,"Poor", IF(P102<3.8,"Average","High") ))) -> Average | S102: =IFERROR( _xlfn.XLOOKUP(Q102,[2]Result!$A$7:$A$15,[2]Result!$C$7:$C$15,"Out of range",-1),"N/A") -> 2A | T102: =IF($D102>DATE(2023,12,31),"NA",IF(J102="","NR",J102)) -> NR | U102: {=IF(OR(J102="NA",J102="NR",ISBLANK(J102)),J102,IFERROR(INDEX([2]Result!$C$7:$C$15,MATCH(1,(J102>=[2]Result!$A$7:$A$15)*(J102<=[2]Result!$B$7:$B$15),0)), "NA"))} -> NR | V102: =IF($D102>DATE(2024,12,31),"NA",IF(M102="","NR",M102)) -> 3.8 | W102: {=IF(OR(M102="NA",M102="NR",ISBLANK(M102)),M102,IFERROR(INDEX([2]Result!$C$7:$C$15,MATCH(1,(M102>=[2]Result!$A$7:$A$15)*(M102<=[2]Result!$B$7:$B$15),0)), "NA"))} -> 3A
A103: 92 | B103: 6549 | C103: ='[2]Evalution 25'!B93 -> Mahmoud Mohamed Mahmoud Gomaa | D103: 44186 | E103: ='[2]Evalution 25'!C93 -> Cairo | F103: ='[2]Evalution 25'!E93 -> Associate Director | G103: ='[2]Evalution 25'!D93 -> Agency Partnerships | H103: ='[2]Evalutaion 23'!G59 -> 4 | I103: ='[2]Evalutaion 23'!H59 -> 4.3 | J103: =IF(COUNT(H103:I103)>0,AVERAGEIF(H103:I103,">=0"), IF(AND(ISNUMBER(D103),D103<=DATE(2023,12,31)),"NR","NA")) -> 4.15 | K103: ='[2]Evalutaion 24'!G77 -> 3.9 | L103: ='[2]Evalutaion 24'!H77 -> 3.7 | M103: =IF(COUNT(K103:L103)>0,AVERAGEIF(K103:L103,">=0"), IF(AND(ISNUMBER(D103),D103<=DATE(2024,12,31)),"NR","NA")) -> 3.8 | N103: ='[2]Evalution 25'!G93 -> 4.2 | O103: ='[2]Evalution 25'!H93 -> 4 | P103: =IF(COUNT(N103:O103)>0,AVERAGEIF(N103:O103,">=0"), IF(AND(ISNUMBER(D103),D103<=DATE(2025,12,31)),"NR","NA")) -> 4.1 | Q103: =AVERAGE(J103,M103,P103,) -> 3.0125 | R103: =IF(P103="","", IF(OR(P103="NR",P103="NA"),"NA", IF(P103<3,"Poor", IF(P103<3.8,"Average","High") ))) -> High | S103: =IFERROR( _xlfn.XLOOKUP(Q103,[2]Result!$A$7:$A$15,[2]Result!$C$7:$C$15,"Out of range",-1),"N/A") -> 2B | T103: =IF($D103>DATE(2023,12,31),"NA",IF(J103="","NR",J103)) -> 4.15 | U103: {=IF(OR(J103="NA",J103="NR",ISBLANK(J103)),J103,IFERROR(INDEX([2]Result!$C$7:$C$15,MATCH(1,(J103>=[2]Result!$A$7:$A$15)*(J103<=[2]Result!$B$7:$B$15),0)), "NA"))} -> 3B | V103: =IF($D103>DATE(2024,12,31),"NA",IF(M103="","NR",M103)) -> 3.8 | W103: {=IF(OR(M103="NA",M103="NR",ISBLANK(M103)),M103,IFERROR(INDEX([2]Result!$C$7:$C$15,MATCH(1,(M103>=[2]Result!$A$7:$A$15)*(M103<=[2]Result!$B$7:$B$15),0)), "NA"))} -> 3A
...

Sheet Grid_23
B12: 9 Grid Box 2023
P19: Zone | Q19: Professional Profile | R19: Description | S19: How To help this Employee to Grow
P20: 3A | Q20: Solid Performer | R20: High performance & limited potential | S20: Seasoned professional who is great at their current role but lacks ambition or drive to grow beyond role. Keep them happy and give them raises / bonuses / acknowledgements often.
M21: Location | P21: 3B | Q21: High Performer | R21: High performance & moderate potential | S21: Their current role may provide opportunity for growth & development. They may be too tactically focused; provide strategic thinking and raise their potential.
M22: Department | P22: 3C | Q22: Star | R22: High performance & high potential | S22: This is your superstar employee. This person consistently performs well in a variety of assignments, demonstrates strategic thinking, excellent problem-solver, and intrinsically motivated to excel. They are likely ready for a significant role and set of responsibilities.
P23: 2A | Q23: Average Performer | R23: Good performance & limited potential | S23: An effective performer, but may have reached their career potential. Coach this employee on becoming more innovative, and determine if they have potential in another part of the organization.
P24: 2B | Q24: Core Player | R24: Good performance & moderate potential | S24: This is your “B” team – the solid players that make up 80% of the capacity of a good organization. Keep these people happy, invest in them regularly, and make sure they have a feeling of ownership in the organization.
P25: 2C | Q25: Growth Employee | R25: Good performance & high potential | S25: This person is a solid candidate to continue to grow in their current vertical. Give them stretch goals to maximize their potential and keep them engaged.
P26: 1A | Q26: Risk | R26: Poor performance & limited potential | S26: This person is likely a candidate to be reassigned to a different role or exited from the company. Counsel this employee on their options going forward.
P27: 1B | Q27: Inconsistent Player | R27: Poor performance & moderate potential | S27: With coaching, this person could progress within their role. Focus on stretch goals for this employee.
P28: 1C | Q28: Potential Gem | R28: Poor performance & high potential | S28: This person is possibly a star, but may not be in the right role, or lacks the experience needed to be successful right now. Give them time to grow into their potential, along with counseling and support on their career planning.

Sheet Evalutaion 23
H2: Performance | K2: Potential Zone
B3: Potin | C3: High | D3: {=SUMPRODUCT(SUBTOTAL(103,OFFSET('Evalutaion 23'!$M$2,ROW('Evalutaion 23'!$M$2:$M$500)-ROW('Evalutaion 23'!$M$2),0))*('Evalutaion 23'!$M$2:$M$500="3A"))} -> 3 | E3: {=SUMPRODUCT(SUBTOTAL(103,OFFSET('Evalutaion 23'!$M$2,ROW('Evalutaion 23'!$M$2:$M$500)-ROW('Evalutaion 23'!$M$2),0))*('Evalutaion 23'!$M$2:$M$500="3B"))} -> 3 | F3: {=SUMPRODUCT(SUBTOTAL(103,OFFSET('Evalutaion 23'!$M$2,ROW('Evalutaion 23'!$M$2:$M$500)-ROW('Evalutaion 23'!$M$2),0))*('Evalutaion 23'!$M$2:$M$500="3C"))} -> 23 | H3: Poor | I3: 3.4 | K3: Low | L3: 3
C4: Medium | D4: {=SUMPRODUCT(SUBTOTAL(103,OFFSET('Evalutaion 23'!$M$2,ROW('Evalutaion 23'!$M$2:$M$500)-ROW('Evalutaion 23'!$M$2),0))*('Evalutaion 23'!$M$2:$M$500="2A"))} -> 30 | E4: {=SUMPRODUCT(SUBTOTAL(103,OFFSET('Evalutaion 23'!$M$2,ROW('Evalutaion 23'!$M$2:$M$500)-ROW('Evalutaion 23'!$M$2),0))*('Evalutaion 23'!$M$2:$M$500="2B"))} -> 52 | F4: {=SUMPRODUCT(SUBTOTAL(103,OFFSET('Evalutaion 23'!$M$2,ROW('Evalutaion 23'!$M$2:$M$500)-ROW('Evalutaion 23'!$M$2),0))*('Evalutaion 23'!$M$2:$M$500="2C"))} -> 5 | H4: Average | I4: 4.4 | K4: Medium | L4: 4.4
C5: Low | D5: {=SUMPRODUCT(SUBTOTAL(103,OFFSET('Evalutaion 23'!$M$2,ROW('Evalutaion 23'!$M$2:$M$500)-ROW('Evalutaion 23'!$M$2),0))*('Evalutaion 23'!$M$2:$M$500="1A"))} -> 2 | E5: {=SUMPRODUCT(SUBTOTAL(103,OFFSET('Evalutaion 23'!$M$2,ROW('Evalutaion 23'!$M$2:$M$500)-ROW('Evalutaion 23'!$M$2),0))*('Evalutaion 23'!$M$2:$M$500="1B"))} -> 0 | F5: {=SUMPRODUCT(SUBTOTAL(103,OFFSET('Evalutaion 23'!$M$2,ROW('Evalutaion 23'!$M$2:$M$500)-ROW('Evalutaion 23'!$M$2),0))*('Evalutaion 23'!$M$2:$M$500="1C"))} -> 0 | H5: High | K5: High
D6: Poor | E6: Average | F6: High
D7: Perf
A10: Employee Number | B10: Employee Name | C10: Joining Date | D10: Location | E10: Department | F10: Position | G10: App Line Manager | H10: Objectives and Competency Score | I10: Objectives Score | J10: Overall Competency Score | K10: Perforamnce Zone | L10: Potential Zone | M10: Gird Zone
A11: 31260 | B11: Abdulaziz Abdullah Abdulaziz Al Zehairi | C11: =_xlfn.XLOOKUP(A11,Table8[Employee Number],Table8[Joining Date],"") -> 29/12/2021 | D11: MMS KSA | E11: Admin | F11: Runner Driver | G11: Abdulmohsen Ibrahim Hamad Almubadel | H11: =AVERAGE(I11,J11) -> 5 | I11: 5 | J11: 5 | K11: =IF(H11="","", IF(OR(H11="NR",H11="NA"),"NA", IF(H11<$I$3,"Poor", IF(H11<$I$4,"Average","High") ))) -> High | L11: =IF(J11="","", IF(OR(J11="NR",J11="NA"),"NA", IF(J11<$L$3,"Low", IF(J11<$L$4,"Medium","High") ))) -> High | M11: =IF(OR(K11="",L11=""),"", IF(AND(K11=$H$5,L11=$K$5),"3C", IF(AND(K11=$H$4,L11=$K$5),"3B", IF(AND(K11=$H$3,L11=$K$5),"3A", IF(AND(K11=$H$5,L11=$K$4),"2C", IF(AND(K11=$H$4,L11=$K$4),"2B", IF(AND(K11=$H$3,L11=$K$4),"2A", IF(AND(K11=$H$5,L11=$K$3),"1C", IF(AND(K11=$H$4,L11=$K$3),"1B", IF(AND(K11=$H$3,L11=$K$3),"1A","") ))))))))) -> 3C
A12: 4756 | B12: Abdulkader Abbasbhai Sukhsarwala | C12: =_xlfn.XLOOKUP(A12,Table8[Employee Number],Table8[Joining Date],"") -> 01/01/2021 | D12: MMS UAE | E12: Client Growth | F12: Senior Digital Yield Analyst | G12: Jad Wajdi Saab | H12: =AVERAGE(I12,J12) -> 3.85 | I12: 3.9 | J12: 3.8 | K12: =IF(H12="","", IF(OR(H12="NR",H12="NA"),"NA", IF(H12<$I$3,"Poor", IF(H12<$I$4,"Average","High") ))) -> Average | L12: =IF(J12="","", IF(OR(J12="NR",J12="NA"),"NA", IF(J12<$L$3,"Low", IF(J12<$L$4,"Medium","High") ))) -> Medium | M12: =IF(OR(K12="",L12=""),"", IF(AND(K12=$H$5,L12=$K$5),"3C", IF(AND(K12=$H$4,L12=$K$5),"3B", IF(AND(K12=$H$3,L12=$K$5),"3A", IF(AND(K12=$H$5,L12=$K$4),"2C", IF(AND(K12=$H$4,L12=$K$4),"2B", IF(AND(K12=$H$3,L12=$K$4),"2A", IF(AND(K12=$H$5,L12=$K$3),"1C", IF(AND(K12=$H$4,L12=$K$3),"1B", IF(AND(K12=$H$3,L12=$K$3),"1A","") ))))))))) -> 2B
A13: 48121 | B13: Abdullah Mohammed Abutaleb | C13: =_xlfn.XLOOKUP(A13,Table8[Employee Number],Table8[Joining Date],"") -> 25/09/2023 | D13: MMS KSA | E13: Marketing | F13: Marketing Manager | G13: Layal Takieddine | H13: =AVERAGE(I13,J13) -> 3.35 | I13: 3 | J13: 3.7 | K13: =IF(H13="","", IF(OR(H13="NR",H13="NA"),"NA", IF(H13<$I$3,"Poor", IF(H13<$I$4,"Average","High") ))) -> Poor | L13: =IF(J13="","", IF(OR(J13="NR",J13="NA"),"NA", IF(J13<$L$3,"Low", IF(J13<$L$4,"Medium","High") ))) -> Medium | M13: =IF(OR(K13="",L13=""),"", IF(AND(K13=$H$5,L13=$K$5),"3C", IF(AND(K13=$H$4,L13=$K$5),"3B", IF(AND(K13=$H$3,L13=$K$5),"3A", IF(AND(K13=$H$5,L13=$K$4),"2C", IF(AND(K13=$H$4,L13=$K$4),"2B", IF(AND(K13=$H$3,L13=$K$4),"2A", IF(AND(K13=$H$5,L13=$K$3),"1C", IF(AND(K13=$H$4,L13=$K$3),"1B", IF(AND(K13=$H$3,L13=$K$3),"1A","") ))))))))) -> 2A
A14: 10848 | B14: Abir Kharsa | C14: =_xlfn.XLOOKUP(A14,Table8[Employee Number],Table8[Joining Date],"") -> 16/05/2021 | D14: MMS UAE | E14: Traffic | F14: Senior Traffic Executive | G14: Ahmed M M Omran | H14: =AVERAGE(I14,J14) -> 4.8 | I14: 4.6 | J14: 5 | K14: =IF(H14="","", IF(OR(H14="NR",H14="NA"),"NA", IF(H14<$I$3,"Poor", IF(H14<$I$4,"Average","High") ))) -> High | L14: =IF(J14="","", IF(OR(J14="NR",J14="NA"),"NA", IF(J14<$L$3,"Low", IF(J14<$L$4,"Medium","High") ))) -> High | M14: =IF(OR(K14="",L14=""),"", IF(AND(K14=$H$5,L14=$K$5),"3C", IF(AND(K14=$H$4,L14=$K$5),"3B", IF(AND(K14=$H$3,L14=$K$5),"3A", IF(AND(K14=$H$5,L14=$K$4),"2C", IF(AND(K14=$H$4,L14=$K$4),"2B", IF(AND(K14=$H$3,L14=$K$4),"2A", IF(AND(K14=$H$5,L14=$K$3),"1C", IF(AND(K14=$H$4,L14=$K$3),"1B", IF(AND(K14=$H$3,L14=$K$3),"1A","") ))))))))) -> 3C
A15: 6557 | B15: Adel Mohamed Adeeb Abou Elnasr Mohamed | C15: =_xlfn.XLOOKUP(A15,Table8[Employee Number],Table8[Joining Date],"") -> 01/06/2022 | D15: MMS Egypt | E15: Agency Partnerships | F15: Client Service Senior Supervisor | G15: Mahmoud Mohamed Mahmoud Gomaa | H15: =AVERAGE(I15,J15) -> 4.3 | I15: 4.3 | J15: 4.3 | K15: =IF(H15="","", IF(OR(H15="NR",H15="NA"),"NA", IF(H15<$I$3,"Poor", IF(H15<$I$4,"Average","High") ))) -> Average | L15: =IF(J15="","", IF(OR(J15="NR",J15="NA"),"NA", IF(J15<$L$3,"Low", IF(J15<$L$4,"Medium","High") ))) -> Medium | M15: =IF(OR(K15="",L15=""),"", IF(AND(K15=$H$5,L15=$K$5),"3C", IF(AND(K15=$H$4,L15=$K$5),"3B", IF(AND(K15=$H$3,L15=$K$5),"3A", IF(AND(K15=$H$5,L15=$K$4),"2C", IF(AND(K15=$H$4,L15=$K$4),"2B", IF(AND(K15=$H$3,L15=$K$4),"2A", IF(AND(K15=$H$5,L15=$K$3),"1C", IF(AND(K15=$H$4,L15=$K$3),"1B", IF(AND(K15=$H$3,L15=$K$3),"1A","") ))))))))) -> 2B
A16: 4984 | B16: Adriana Nicolas Khater Verdin | C16: =_xlfn.XLOOKUP(A16,Table8[Employee Number],Table8[Joining Date],"") -> 24/11/2020 | D16: MMS UAE | E16: Content Solutions | F16: Content Solutions Senior Executive | G16: Samantha Rose Coutinho | H16: =AVERAGE(I16,J16) -> 3.85 | I16: 4 | J16: 3.7 | K16: =IF(H16="","", IF(OR(H16="NR",H16="NA"),"NA", IF(H16<$I$3,"Poor", IF(H16<$I$4,"Average","High") ))) -> Average | L16: =IF(J16="","", IF(OR(J16="NR",J16="NA"),"NA", IF(J16<$L$3,"Low", IF(J16<$L$4,"Medium","High") ))) -> Medium | M16: =IF(OR(K16="",L16=""),"", IF(AND(K16=$H$5,L16=$K$5),"3C", IF(AND(K16=$H$4,L16=$K$5),"3B", IF(AND(K16=$H$3,L16=$K$5),"3A", IF(AND(K16=$H$5,L16=$K$4),"2C", IF(AND(K16=$H$4,L16=$K$4),"2B", IF(AND(K16=$H$3,L16=$K$4),"2A", IF(AND(K16=$H$5,L16=$K$3),"1C", IF(AND(K16=$H$4,L16=$K$3),"1B", IF(AND(K16=$H$3,L16=$K$3),"1A","") ))))))))) -> 2B
A17: 10115 | B17: Ahmed M M Omran | C17: =_xlfn.XLOOKUP(A17,Table8[Employee Number],Table8[Joining Date],"") -> 01/06/2022 | D17: MMS UAE | E17: Traffic | F17: Senior Traffic Manager | G17: Meriem Kettani | H17: =AVERAGE(I17,J17) -> 1.9 | I17: 0 | J17: 3.8 | K17: =IF(H17="","", IF(OR(H17="NR",H17="NA"),"NA", IF(H17<$I$3,"Poor", IF(H17<$I$4,"Average","High") ))) -> Poor | L17: =IF(J17="","", IF(OR(J17="NR",J17="NA"),"NA", IF(J17<$L$3,"Low", IF(J17<$L$4,"Medium","High") ))) -> Medium | M17: =IF(OR(K17="",L17=""),"", IF(AND(K17=$H$5,L17=$K$5),"3C", IF(AND(K17=$H$4,L17=$K$5),"3B", IF(AND(K17=$H$3,L17=$K$5),"3A", IF(AND(K17=$H$5,L17=$K$4),"2C", IF(AND(K17=$H$4,L17=$K$4),"2B", IF(AND(K17=$H$3,L17=$K$4),"2A", IF(AND(K17=$H$5,L17=$K$3),"1C", IF(AND(K17=$H$4,L17=$K$3),"1B", IF(AND(K17=$H$3,L17=$K$3),"1A","") ))))))))) -> 2A
A18: 6572 | B18: Ahmed Awny Hamza El Kalaf | C18: =_xlfn.XLOOKUP(A18,Table8[Employee Number],Table8[Joining Date],"") -> 01/06/2022 | D18: MMS Egypt | E18: Finance | F18: Senior Finance Manager | G18: George George | H18: =AVERAGE(I18,J18) -> 3.4 | I18: 3.5 | J18: 3.3 | K18: =IF(H18="","", IF(OR(H18="NR",H18="NA"),"NA", IF(H18<$I$3,"Poor", IF(H18<$I$4,"Average","High") ))) -> Average | L18: =IF(J18="","", IF(OR(J18="NR",J18="NA"),"NA", IF(J18<$L$3,"Low", IF(J18<$L$4,"Medium","High") ))) -> Medium | M18: =IF(OR(K18="",L18=""),"", IF(AND(K18=$H$5,L18=$K$5),"3C", IF(AND(K18=$H$4,L18=$K$5),"3B", IF(AND(K18=$H$3,L18=$K$5),"3A", IF(AND(K18=$H$5,L18=$K$4),"2C", IF(AND(K18=$H$4,L18=$K$4),"2B", IF(AND(K18=$H$3,L18=$K$4),"2A", IF(AND(K18=$H$5,L18=$K$3),"1C", IF(AND(K18=$H$4,L18=$K$3),"1B", IF(AND(K18=$H$3,L18=$K$3),"1A","") ))))))))) -> 2B
A19: 6609 | B19: Ahmed Hamed Ibrahim kamel | C19: =_xlfn.XLOOKUP(A19,Table8[Employee Number],Table8[Joining Date],"") -> 01/06/2022 | D19: MMS Egypt | E19: Agency Partnerships | F19: Sales Director | G19: Mohamed Elsaeed Soliman Hamza | H19: =AVERAGE(I19,J19) -> 3.75 | I19: 3.7 | J19: 3.8 | K19: =IF(H19="","", IF(OR(H19="NR",H19="NA"),"NA", IF(H19<$I$3,"Poor", IF(H19<$I$4,"Average","High") ))) -> Average | L19: =IF(J19="","", IF(OR(J19="NR",J19="NA"),"NA", IF(J19<$L$3,"Low", IF(J19<$L$4,"Medium","High") ))) -> Medium | M19: =IF(OR(K19="",L19=""),"", IF(AND(K19=$H$5,L19=$K$5),"3C", IF(AND(K19=$H$4,L19=$K$5),"3B", IF(AND(K19=$H$3,L19=$K$5),"3A", IF(AND(K19=$H$5,L19=$K$4),"2C", IF(AND(K19=$H$4,L19=$K$4),"2B", IF(AND(K19=$H$3,L19=$K$4),"2A", IF(AND(K19=$H$5,L19=$K$3),"1C", IF(AND(K19=$H$4,L19=$K$3),"1B", IF(AND(K19=$H$3,L19=$K$3),"1A","") ))))))))) -> 2B
A20: 10853 | B20: Ahmed Mohamed Samir Abdelaziz Alazrak | C20: =_xlfn.XLOOKUP(A20,Table8[Employee Number],Table8[Joining Date],"") -> 04/07/2021 | D20: MMS UAE | E20: Finance | F20: Treasury Supervisor | G20: Salem Khader Masood | H20: =AVERAGE(I20,J20) -> 3.25 | I20: 3.5 | J20: 3 | K20: =IF(H20="","", IF(OR(H20="NR",H20="NA"),"NA", IF(H20<$I$3,"Poor", IF(H20<$I$4,"Average","High") ))) -> Poor | L20: =IF(J20="","", IF(OR(J20="NR",J20="NA"),"NA", IF(J20<$L$3,"Low", IF(J20<$L$4,"Medium","High") ))) -> Medium | M20: =IF(OR(K20="",L20=""),"", IF(AND(K20=$H$5,L20=$K$5),"3C", IF(AND(K20=$H$4,L20=$K$5),"3B", IF(AND(K20=$H$3,L20=$K$5),"3A", IF(AND(K20=$H$5,L20=$K$4),"2C", IF(AND(K20=$H$4,L20=$K$4),"2B", IF(AND(K20=$H$3,L20=$K$4),"2A", IF(AND(K20=$H$5,L20=$K$3),"1C", IF(AND(K20=$H$4,L20=$K$3),"1B", IF(AND(K20=$H$3,L20=$K$3),"1A","") ))))))))) -> 2A
A21: 6570 | B21: Ahmed Mostafa Ghonemy Mostafa | C21: =_xlfn.XLOOKUP(A21,Table8[Employee Number],Table8[Joining Date],"") -> 01/06/2022 | D21: MMS Egypt | E21: Traffic | F21: Traffic Supervisor | G21: Tarek Mohamed Lotfy Adel Eldeeb | H21: =AVERAGE(I21,J21) -> 3.85 | I21: 4 | J21: 3.7 | K21: =IF(H21="","", IF(OR(H21="NR",H21="NA"),"NA", IF(H21<$I$3,"Poor", IF(H21<$I$4,"Average","High") ))) -> Average | L21: =IF(J21="","", IF(OR(J21="NR",J21="NA"),"NA", IF(J21<$L$3,"Low", IF(J21<$L$4,"Medium","High") ))) -> Medium | M21: =IF(OR(K21="",L21=""),"", IF(AND(K21=$H$5,L21=$K$5),"3C", IF(AND(K21=$H$4,L21=$K$5),"3B", IF(AND(K21=$H$3,L21=$K$5),"3A", IF(AND(K21=$H$5,L21=$K$4),"2C", IF(AND(K21=$H$4,L21=$K$4),"2B", IF(AND(K21=$H$3,L21=$K$4),"2A", IF(AND(K21=$H$5,L21=$K$3),"1C", IF(AND(K21=$H$4,L21=$K$3),"1B", IF(AND(K21=$H$3,L21=$K$3),"1A","") ))))))))) -> 2B
A22: 6555 | B22: Ahmed Tawfek Mahmoud Alasyouty | C22: =_xlfn.XLOOKUP(A22,Table8[Employee Number],Table8[Joining Date],"") -> 01/06/2022 | D22: MMS Egypt | E22: Traffic | F22: Assistant Manager - Traffic | G22: Tarek Mohamed Lotfy Adel Eldeeb | H22: =AVERAGE(I22,J22) -> 4.35 | I22: 4.2 | J22: 4.5 | K22: =IF(H22="","", IF(OR(H22="NR",H22="NA"),"NA", IF(H22<$I$3,"Poor", IF(H22<$I$4,"Average","High") ))) -> Average | L22: =IF(J22="","", IF(OR(J22="NR",J22="NA"),"NA", IF(J22<$L$3,"Low", IF(J22<$L$4,"Medium","High") ))) -> High | M22: =IF(OR(K22="",L22=""),"", IF(AND(K22=$H$5,L22=$K$5),"3C", IF(AND(K22=$H$4,L22=$K$5),"3B", IF(AND(K22=$H$3,L22=$K$5),"3A", IF(AND(K22=$H$5,L22=$K$4),"2C", IF(AND(K22=$H$4,L22=$K$4),"2B", IF(AND(K22=$H$3,L22=$K$4),"2A", IF(AND(K22=$H$5,L22=$K$3),"1C", IF(AND(K22=$H$4,L22=$K$3),"1B", IF(AND(K22=$H$3,L22=$K$3),"1A","") ))))))))) -> 3B
... A77: 10823 | B77: Melody Noblejas | C77: =_xlfn.XLOOKUP(A77,Table8[Employee Number],Table8[Joining Date],"") -> 13/12/2020 | D77: MMS UAE | E77: Finance | F77: Finance Supervisor-MMS | G77: Salem Khader Masood | H77: =AVERAGE(I77,J77) -> 3.3 | I77: 3.6 | J77: 3 | K77: =IF(H77="","", IF(OR(H77="NR",H77="NA"),"NA", IF(H77<$I$3,"Poor", IF(H77<$I$4,"Average","High") ))) -> Poor | L77: =IF(J77="","", IF(OR(J77="NR",J77="NA"),"NA", IF(J77<$L$3,"Low", IF(J77<$L$4,"Medium","High") ))) -> Medium | M77: =IF(OR(K77="",L77=""),"", IF(AND(K77=$H$5,L77=$K$5),"3C", IF(AND(K77=$H$4,L77=$K$5),"3B", IF(AND(K77=$H$3,L77=$K$5),"3A", IF(AND(K77=$H$5,L77=$K$4),"2C", IF(AND(K77=$H$4,L77=$K$4),"2B", IF(AND(K77=$H$3,L77=$K$4),"2A", IF(AND(K77=$H$5,L77=$K$3),"1C", IF(AND(K77=$H$4,L77=$K$3),"1B", IF(AND(K77=$H$3,L77=$K$3),"1A","") ))))))))) -> 2A
A78: 5836 | B78: Meriem Kettani | C78: =_xlfn.XLOOKUP(A78,Table8[Employee Number],Table8[Joining Date],"") -> 14/09/2020 | D78: MMS UAE | E78: Executive | F78: Chief Finance and Operations Officer | G78: Ahmed Attaf Abdulmalik Alsahhaf | H78: NA | I78: NA | J78: NA | K78: =IF(H78="","", IF(OR(H78="NR",H78="NA"),"NA", IF(H78<$I$3,"Poor", IF(H78<$I$4,"Average","High") ))) -> NA | L78: =IF(J78="","", IF(OR(J78="NR",J78="NA"),"NA", IF(J78<$L$3,"Low", IF(J78<$L$4,"Medium","High") ))) -> NA | M78: =IF(OR(K78="",L78=""),"", IF(AND(K78=$H$5,L78=$K$5),"3C", IF(AND(K78=$H$4,L78=$K$5),"3B", IF(AND(K78=$H$3,L78=$K$5),"3A", IF(AND(K78=$H$5,L78=$K$4),"2C", IF(AND(K78=$H$4,L78=$K$4),"2B", IF(AND(K78=$H$3,L78=$K$4),"2A", IF(AND(K78=$H$5,L78=$K$3),"1C", IF(AND(K78=$H$4,L78=$K$3),"1B", IF(AND(K78=$H$3,L78=$K$3),"1A","") )))))))))
A79: 2834 | B79: MHD Moaz Dahhan | C79: =_xlfn.XLOOKUP(A79,Table8[Employee Number],Table8[Joining Date],"") -> 07/03/2021 | D79: MMS UAE | E79: Technology | F79: IT Manager-MMS | G79: Sadeq Ali Mohammed Saifi | H79: =AVERAGE(I79,J79) -> 3.75 | I79: 3.8 | J79: 3.7 | K79: =IF(H79="","", IF(OR(H79="NR",H79="NA"),"NA", IF(H79<$I$3,"Poor", IF(H79<$I$4,"Average","High") ))) -> Average | L79: =IF(J79="","", IF(OR(J79="NR",J79="NA"),"NA", IF(J79<$L$3,"Low", IF(J79<$L$4,"Medium","High") ))) -> Medium | M79: =IF(OR(K79="",L79=""),"", IF(AND(K79=$H$5,L79=$K$5),"3C", IF(AND(K79=$H$4,L79=$K$5),"3B", IF(AND(K79=$H$3,L79=$K$5),"3A", IF(AND(K79=$H$5,L79=$K$4),"2C", IF(AND(K79=$H$4,L79=$K$4),"2B", IF(AND(K79=$H$3,L79=$K$4),"2A", IF(AND(K79=$H$5,L79=$K$3),"1C", IF(AND(K79=$H$4,L79=$K$3),"1B", IF(AND(K79=$H$3,L79=$K$3),"1A","") ))))))))) -> 2B
A80: 10847 | B80: Michel Antoine Joumaa | C80: =_xlfn.XLOOKUP(A80,Table8[Employee Number],Table8[Joining Date],"") -> 10/05/2021 | D80: MMS UAE | E80: Agency Partnerships | F80: Agency Partnerships Associate Director | G80: Richard William Edward Addington | H80: =AVERAGE(I80,J80) -> 2.35 | I80: 0 | J80: 4.7 | K80: =IF(H80="","", IF(OR(H80="NR",H80="NA"),"NA", IF(H80<$I$3,"Poor", IF(H80<$I$4,"Average","High") ))) -> Poor | L80: =IF(J80="","", IF(OR(J80="NR",J80="NA"),"NA", IF(J80<$L$3,"Low", IF(J80<$L$4,"Medium","High") ))) -> High | M80: =IF(OR(K80="",L80=""),"", IF(AND(K80=$H$5,L80=$K$5),"3C", IF(AND(K80=$H$4,L80=$K$5),"3B", IF(AND(K80=$H$3,L80=$K$5),"3A", IF(AND(K80=$H$5,L80=$K$4),"2C", IF(AND(K80=$H$4,L80=$K$4),"2B", IF(AND(K80=$H$3,L80=$K$4),"2A", IF(AND(K80=$H$5,L80=$K$3),"1C", IF(AND(K80=$H$4,L80=$K$3),"1B", IF(AND(K80=$H$3,L80=$K$3),"1A","") ))))))))) -> 3A
A81: 10831 | B81: Minhal Ali | C81: =_xlfn.XLOOKUP(A81,Table8[Employee Number],Table8[Joining Date],"") -> 17/01/2021 | D81: MMS UAE | E81: Finance | F81: Finance Supervisor-MMS | G81: Salem Khader Masood | H81: =AVERAGE(I81,J81) -> 3.45 | I81: 3.6 | J81: 3.3 | K81: =IF(H81="","", IF(OR(H81="NR",H81="NA"),"NA", IF(H81<$I$3,"Poor", IF(H81<$I$4,"Average","High") ))) -> Average | L81: =IF(J81="","", IF(OR(J81="NR",J81="NA"),"NA", IF(J81<$L$3,"Low", IF(J81<$L$4,"Medium","High") ))) -> Medium | M81: =IF(OR(K81="",L81=""),"", IF(AND(K81=$H$5,L81=$K$5),"3C", IF(AND(K81=$H$4,L81=$K$5),"3B", IF(AND(K81=$H$3,L81=$K$5),"3A", IF(AND(K81=$H$5,L81=$K$4),"2C", IF(AND(K81=$H$4,L81=$K$4),"2B", IF(AND(K81=$H$3,L81=$K$4),"2A", IF(AND(K81=$H$5,L81=$K$3),"1C", IF(AND(K81=$H$4,L81=$K$3),"1B", IF(AND(K81=$H$3,L81=$K$3),"1A","") ))))))))) -> 2B
A82: 2152 | B82: Mohamad Toufic Ramadan | C82: =_xlfn.XLOOKUP(A82,Table8[Employee Number],Table8[Joining Date],"") -> 01/01/2021 | D82: MMS UAE | E82: Content Solutions | F82: Content Solutions Director | G82: Hicham Chekri Fakhoury | H82: =AVERAGE(I82,J82) -> 4.4 | I82: 4.5 | J82: 4.3 | K82: =IF(H82="","", IF(OR(H82="NR",H82="NA"),"NA", IF(H82<$I$3,"Poor", IF(H82<$I$4,"Average","High") ))) -> High | L82: =IF(J82="","", IF(OR(J82="NR",J82="NA"),"NA", IF(J82<$L$3,"Low", IF(J82<$L$4,"Medium","High") ))) -> Medium | M82: =IF(OR(K82="",L82=""),"", IF(AND(K82=$H$5,L82=$K$5),"3C", IF(AND(K82=$H$4,L82=$K$5),"3B", IF(AND(K82=$H$3,L82=$K$5),"3A", IF(AND(K82=$H$5,L82=$K$4),"2C", IF(AND(K82=$H$4,L82=$K$4),"2B", IF(AND(K82=$H$3,L82=$K$4),"2A", IF(AND(K82=$H$5,L82=$K$3),"1C", IF(AND(K82=$H$4,L82=$K$3),"1B", IF(AND(K82=$H$3,L82=$K$3),"1A","") ))))))))) -> 2C
A83: 6627 | B83: Mohamed Ahmed Hassan Nasr | C83: =_xlfn.XLOOKUP(A83,Table8[Employee Number],Table8[Joining Date],"") -> 01/06/2022 | D83: MMS Egypt | E83: Agency Partnerships | F83: Sales Senior Manager | G83: Mohamed Elsaeed Soliman Hamza | H83: =AVERAGE(I83,J83) -> 3.25 | I83: 3.3 | J83: 3.2 | K83: =IF(H83="","", IF(OR(H83="NR",H83="NA"),"NA", IF(H83<$I$3,"Poor", IF(H83<$I$4,"Average","High") ))) -> Poor | L83: =IF(J83="","", IF(OR(J83="NR",J83="NA"),"NA", IF(J83<$L$3,"Low", IF(J83<$L$4,"Medium","High") ))) -> Medium | M83: =IF(OR(K83="",L83=""),"", IF(AND(K83=$H$5,L83=$K$5),"3C", IF(AND(K83=$H$4,L83=$K$5),"3B", IF(AND(K83=$H$3,L83=$K$5),"3A", IF(AND(K83=$H$5,L83=$K$4),"2C", IF(AND(K83=$H$4,L83=$K$4),"2B", IF(AND(K83=$H$3,L83=$K$4),"2A", IF(AND(K83=$H$5,L83=$K$3),"1C", IF(AND(K83=$H$4,L83=$K$3),"1B", IF(AND(K83=$H$3,L83=$K$3),"1A","") ))))))))) -> 2A
A84: 6546 | B84: Mohamed Ahmed Ibrahim Refaat | C84: =_xlfn.XLOOKUP(A84,Table8[Employee Number],Table8[Joining Date],"") -> 01/06/2022 | D84: MMS Egypt | E84: Agency Partnerships | F84: Commercial Lead | G84: Waleed Elsaied Elessawey Ahmed | H84: =AVERAGE(I84,J84) -> 4.4 | I84: 4.6 | J84: 4.2 | K84: =IF(H84="","", IF(OR(H84="NR",H84="NA"),"NA", IF(H84<$I$3,"Poor", IF(H84<$I$4,"Average","High") ))) -> High | L84: =IF(J84="","", IF(OR(J84="NR",J84="NA"),"NA", IF(J84<$L$3,"Low", IF(J84<$L$4,"Medium","High") ))) -> Medium | M84: =IF(OR(K84="",L84=""),"", IF(AND(K84=$H$5,L84=$K$5),"3C", IF(AND(K84=$H$4,L84=$K$5),"3B", IF(AND(K84=$H$3,L84=$K$5),"3A", IF(AND(K84=$H$5,L84=$K$4),"2C", IF(AND(K84=$H$4,L84=$K$4),"2B", IF(AND(K84=$H$3,L84=$K$4),"2A", IF(AND(K84=$H$5,L84=$K$3),"1C", IF(AND(K84=$H$4,L84=$K$3),"1B", IF(AND(K84=$H$3,L84=$K$3),"1A","") ))))))))) -> 2C
A85: 6558 | B85: Mohamed Ahmed Idrees Ahmed | C85: =_xlfn.XLOOKUP(A85,Table8[Employee Number],Table8[Joining Date],"") -> 01/06/2022 | D85: MMS Egypt | E85: Traffic | F85: Assistant Manager - Traffic | G85: Tarek Mohamed Lotfy Adel Eldeeb | H85: =AVERAGE(I85,J85) -> 4.45 | I85: 4.6 | J85: 4.3 | K85: =IF(H85="","", IF(OR(H85="NR",H85="NA"),"NA", IF(H85<$I$3,"Poor", IF(H85<$I$4,"Average","High") ))) -> High | L85: =IF(J85="","", IF(OR(J85="NR",J85="NA"),"NA", IF(J85<$L$3,"Low", IF(J85<$L$4,"Medium","High") ))) -> Medium | M85: =IF(OR(K85="",L85=""),"", IF(AND(K85=$H$5,L85=$K$5),"3C", IF(AND(K85=$H$4,L85=$K$5),"3B", IF(AND(K85=$H$3,L85=$K$5),"3A", IF(AND(K85=$H$5,L85=$K$4),"2C", IF(AND(K85=$H$4,L85=$K$4),"2B", IF(AND(K85=$H$3,L85=$K$4),"2A", IF(AND(K85=$H$5,L85=$K$3),"1C", IF(AND(K85=$H$4,L85=$K$3),"1B", IF(AND(K85=$H$3,L85=$K$3),"1A","") ))))))))) -> 2C
A86: 6550 | B86: Mohamed Elsaeed Soliman Hamza | C86: =_xlfn.XLOOKUP(A86,Table8[Employee Number],Table8[Joining Date],"") -> 01/06/2022 | D86: MMS Egypt | E86: Agency Partnerships | F86: Head of Commercial | G86: Mohamed Ahmed Ibrahim Refaat | H86: =AVERAGE(I86,J86) -> 4.3 | I86: 4.3 | J86: 4.3 | K86: =IF(H86="","", IF(OR(H86="NR",H86="NA"),"NA", IF(H86<$I$3,"Poor", IF(H86<$I$4,"Average","High") ))) -> Average | L86: =IF(J86="","", IF(OR(J86="NR",J86="NA"),"NA", IF(J86<$L$3,"Low", IF(J86<$L$4,"Medium","High") ))) -> Medium | M86: =IF(OR(K86="",L86=""),"", IF(AND(K86=$H$5,L86=$K$5),"3C", IF(AND(K86=$H$4,L86=$K$5),"3B", IF(AND(K86=$H$3,L86=$K$5),"3A", IF(AND(K86=$H$5,L86=$K$4),"2C", IF(AND(K86=$H$4,L86=$K$4),"2B", IF(AND(K86=$H$3,L86=$K$4),"2A", IF(AND(K86=$H$5,L86=$K$3),"1C", IF(AND(K86=$H$4,L86=$K$3),"1B", IF(AND(K86=$H$3,L86=$K$3),"1A","") ))))))))) -> 2B
A87: 6590 | B87: Mohamed Fathy Abdel Aziz Aly | C87: =_xlfn.XLOOKUP(A87,Table8[Employee Number],Table8[Joining Date],"") -> 01/06/2022 | D87: MMS Egypt | E87: Finance | F87: Collection Officer | G87: Ahmed Awny Hamza El Kalaf | H87: =AVERAGE(I87,J87) -> 1.5 | I87: 0 | J87: 3 | K87: =IF(H87="","", IF(OR(H87="NR",H87="NA"),"NA", IF(H87<$I$3,"Poor", IF(H87<$I$4,"Average","High") ))) -> Poor | L87: =IF(J87="","", IF(OR(J87="NR",J87="NA"),"NA", IF(J87<$L$3,"Low", IF(J87<$L$4,"Medium","High") ))) -> Medium | M87: =IF(OR(K87="",L87=""),"", IF(AND(K87=$H$5,L87=$K$5),"3C", IF(AND(K87=$H$4,L87=$K$5),"3B", IF(AND(K87=$H$3,L87=$K$5),"3A", IF(AND(K87=$H$5,L87=$K$4),"2C", IF(AND(K87=$H$4,L87=$K$4),"2B", IF(AND(K87=$H$3,L87=$K$4),"2A", IF(AND(K87=$H$5,L87=$K$3),"1C", IF(AND(K87=$H$4,L87=$K$3),"1B", IF(AND(K87=$H$3,L87=$K$3),"1A","") ))))))))) -> 2A
A88: 6551 | B88: Mohamed Gamal Eldeen Mohamed Seweafi | C88: =_xlfn.XLOOKUP(A88,Table8[Employee Number],Table8[Joining Date],"") -> 01/06/2022 | D88: MMS Egypt | E88: Agency Partnerships | F88: Associate Director | G88: Mohamed Elsaeed Soliman Hamza | H88: =AVERAGE(I88,J88) -> 3.6 | I88: 3.7 | J88: 3.5 | K88: =IF(H88="","", IF(OR(H88="NR",H88="NA"),"NA", IF(H88<$I$3,"Poor", IF(H88<$I$4,"Average","High") ))) -> Average | L88: =IF(J88="","", IF(OR(J88="NR",J88="NA"),"NA", IF(J88<$L$3,"Low", IF(J88<$L$4,"Medium","High") ))) -> Medium | M88: =IF(OR(K88="",L88=""),"", IF(AND(K88=$H$5,L88=$K$5),"3C", IF(AND(K88=$H$4,L88=$K$5),"3B", IF(AND(K88=$H$3,L88=$K$5),"3A", IF(AND(K88=$H$5,L88=$K$4),"2C", IF(AND(K88=$H$4,L88=$K$4),"2B", IF(AND(K88=$H$3,L88=$K$4),"2A", IF(AND(K88=$H$5,L88=$K$3),"1C", IF(AND(K88=$H$4,L88=$K$3),"1B", IF(AND(K88=$H$3,L88=$K$3),"1A","") ))))))))) -> 2B
A89: 6593 | B89: Mohamed Hamed Ramadan Abdo Atta | C89: =_xlfn.XLOOKUP(A89,Table8[Employee Number],Table8[Joining Date],"") -> 01/06/2022 | D89: MMS Egypt | E89: Admin | F89: Runner | G89: Al Shaimaa Mohamed Mohamed Sadek Alshoura | H89: =AVERAGE(I89,J89) -> 4 | I89: 4 | J89: 4 | K89: =IF(H89="","", IF(OR(H89="NR",H89="NA"),"NA", IF(H89<$I$3,"Poor", IF(H89<$I$4,"Average","High") ))) -> Average | L89: =IF(J89="","", IF(OR(J89="NR",J89="NA"),"NA", IF(J89<$L$3,"Low", IF(J89<$L$4,"Medium","High") ))) -> Medium | M89: =IF(OR(K89="",L89=""),"", IF(AND(K89=$H$5,L89=$K$5),"3C", IF(AND(K89=$H$4,L89=$K$5),"3B", IF(AND(K89=$H$3,L89=$K$5),"3A", IF(AND(K89=$H$5,L89=$K$4),"2C", IF(AND(K89=$H$4,L89=$K$4),"2B", IF(AND(K89=$H$3,L89=$K$4),"2A", IF(AND(K89=$H$5,L89=$K$3),"1C", IF(AND(K89=$H$4,L89=$K$3),"1B", IF(AND(K89=$H$3,L89=$K$3),"1A","") ))))))))) -> 2B
A90: 6515 | B90: Mohamed Ibrahim Mohamed Nour | C90: =_xlfn.XLOOKUP(A90,Table8[Employee Number],Table8[Joining Date],"") -> 07/10/2024 | D90: MMS UAE | E90: Technology | F90: IT Engineer | G90: Yasser Ali Ahmed Ali | H90: =AVERAGE(I90,J90) -> 4.55 | I90: 4.6 | J90: 4.5 | K90: =IF(H90="","", IF(OR(H90="NR",H90="NA"),"NA", IF(H90<$I$3,"Poor", IF(H90<$I$4,"Average","High") ))) -> High | L90: =IF(J90="","", IF(OR(J90="NR",J90="NA"),"NA", IF(J90<$L$3,"Low", IF(J90<$L$4,"Medium","High") ))) -> High | M90: =IF(OR(K90="",L90=""),"", IF(AND(K90=$H$5,L90=$K$5),"3C", IF(AND(K90=$H$4,L90=$K$5),"3B", IF(AND(K90=$H$3,L90=$K$5),"3A", IF(AND(K90=$H$5,L90=$K$4),"2C", IF(AND(K90=$H$4,L90=$K$4),"2B", IF(AND(K90=$H$3,L90=$K$4),"2A", IF(AND(K90=$H$5,L90=$K$3),"1C", IF(AND(K90=$H$4,L90=$K$3),"1B", IF(AND(K90=$H$3,L90=$K$3),"1A","") ))))))))) -> 3C
... A129: 31216 | B129: Ziyad Mohammed Othman Alomair | C129: =_xlfn.XLOOKUP(A129,Table8[Employee Number],Table8[Joining Date],"") -> 07/01/2021 | D129: MMS KSA | E129: Client Growth | F129: Client Growth Lead | G129: Hani Maurice Ghorayeb | H129: =AVERAGE(I129,J129) -> 2.35 | I129: 0 | J129: 4.7 | K129: =IF(H129="","", IF(OR(H129="NR",H129="NA"),"NA", IF(H129<$I$3,"Poor", IF(H129<$I$4,"Average","High") ))) -> Poor | L129: =IF(J129="","", IF(OR(J129="NR",J129="NA"),"NA", IF(J129<$L$3,"Low", IF(J129<$L$4,"Medium","High") ))) -> High | M129: =IF(OR(K129="",L129=""),"", IF(AND(K129=$H$5,L129=$K$5),"3C", IF(AND(K129=$H$4,L129=$K$5),"3B", IF(AND(K129=$H$3,L129=$K$5),"3A", IF(AND(K129=$H$5,L129=$K$4),"2C", IF(AND(K129=$H$4,L129=$K$4),"2B", IF(AND(K129=$H$3,L129=$K$4),"2A", IF(AND(K129=$H$5,L129=$K$3),"1C", IF(AND(K129=$H$4,L129=$K$3),"1B", IF(AND(K129=$H$3,L129=$K$3),"1A","") ))))))))) -> 3A

Sheet Grid_24
B12: 9 Grid Box 2024
P19: Zone | Q19: Professional Profile | R19: Description | S19: How To help this Employee to Grow
P20: 3A | Q20: Solid Performer | R20: High performance & limited potential | S20: Seasoned professional who is great at their current role but lacks ambition or drive to grow beyond role. Keep them happy and give them raises / bonuses / acknowledgements often.
M21: Location | P21: 3B | Q21: High Performer | R21: High performance & moderate potential | S21: Their current role may provide opportunity for growth & development. They may be too tactically focused; provide strategic thinking and raise their potential.
M22: Department | P22: 3C | Q22: Star | R22: High performance & high potential | S22: This is your superstar employee. This person consistently performs well in a variety of assignments, demonstrates strategic thinking, excellent problem-solver, and intrinsically motivated to excel. They are likely ready for a significant role and set of responsibilities.
P23: 2A | Q23: Average Performer | R23: Good performance & limited potential | S23: An effective performer, but may have reached their career potential. Coach this employee on becoming more innovative, and determine if they have potential in another part of the organization.
P24: 2B | Q24: Core Player | R24: Good performance & moderate potential | S24: This is your “B” team – the solid players that make up 80% of the capacity of a good organization. Keep these people happy, invest in them regularly, and make sure they have a feeling of ownership in the organization.
P25: 2C | Q25: Growth Employee | R25: Good performance & high potential | S25: This person is a solid candidate to continue to grow in their current vertical. Give them stretch goals to maximize their potential and keep them engaged.
P26: 1A | Q26: Risk | R26: Poor performance & limited potential | S26: This person is likely a candidate to be reassigned to a different role or exited from the company. Counsel this employee on their options going forward.
P27: 1B | Q27: Inconsistent Player | R27: Poor performance & moderate potential | S27: With coaching, this person could progress within their role. Focus on stretch goals for this employee.
P28: 1C | Q28: Potential Gem | R28: Poor performance & high potential | S28: This person is possibly a star, but may not be in the right role, or lacks the experience needed to be successful right now. Give them time to grow into their potential, along with counseling and support on their career planning.

Sheet Evalutaion 24
C2: Potin | D2: High | E2: {=SUMPRODUCT(SUBTOTAL(103,OFFSET('Evalutaion 24'!$M$2,ROW('Evalutaion 24'!$M$2:$M$500)-ROW('Evalutaion 24'!$M$2),0))*('Evalutaion 24'!$M$2:$M$500="3A"))} -> 0 | F2: {=SUMPRODUCT(SUBTOTAL(103,OFFSET('Evalutaion 24'!$M$2,ROW('Evalutaion 24'!$M$2:$M$500)-ROW('Evalutaion 24'!$M$2),0))*('Evalutaion 24'!$M$2:$M$500="3B"))} -> 1 | G2: {=SUMPRODUCT(SUBTOTAL(103,OFFSET('Evalutaion 24'!$M$2,ROW('Evalutaion 24'!$M$2:$M$500)-ROW('Evalutaion 24'!$M$2),0))*('Evalutaion 24'!$M$2:$M$500="3C"))} -> 36 | H2: Performance | K2: Potential Zone
D3: Medium | E3: {=SUMPRODUCT(SUBTOTAL(103,OFFSET('Evalutaion 24'!$M$2,ROW('Evalutaion 24'!$M$2:$M$500)-ROW('Evalutaion 24'!$M$2),0))*('Evalutaion 24'!$M$2:$M$500="2A"))} -> 16 | F3: {=SUMPRODUCT(SUBTOTAL(103,OFFSET('Evalutaion 24'!$M$2,ROW('Evalutaion 24'!$M$2:$M$500)-ROW('Evalutaion 24'!$M$2),0))*('Evalutaion 24'!$M$2:$M$500="2B"))} -> 84 | G3: {=SUMPRODUCT(SUBTOTAL(103,OFFSET('Evalutaion 24'!$M$2,ROW('Evalutaion 24'!$M$2:$M$500)-ROW('Evalutaion 24'!$M$2),0))*('Evalutaion 24'!$M$2:$M$500="2C"))} -> 2 | H3: Poor | I3: 3.4 | K3: Low | L3: 3
D4: Low | E4: {=SUMPRODUCT(SUBTOTAL(103,OFFSET('Evalutaion 24'!$M$2,ROW('Evalutaion 24'!$M$2:$M$500)-ROW('Evalutaion 24'!$M$2),0))*('Evalutaion 24'!$M$2:$M$500="1A"))} -> 3 | F4: {=SUMPRODUCT(SUBTOTAL(103,OFFSET('Evalutaion 24'!$M$2,ROW('Evalutaion 24'!$M$2:$M$500)-ROW('Evalutaion 24'!$M$2),0))*('Evalutaion 24'!$M$2:$M$500="1B"))} -> 0 | G4: {=SUMPRODUCT(SUBTOTAL(103,OFFSET('Evalutaion 24'!$M$2,ROW('Evalutaion 24'!$M$2:$M$500)-ROW('Evalutaion 24'!$M$2),0))*('Evalutaion 24'!$M$2:$M$500="1C"))} -> 0 | H4: Average | I4: 4.4 | K4: Medium | L4: 4.4
E5: Poor | F5: Average | G5: High | H5: High | K5: High
E6: Perf
A9: Employee Number | B9: Employee Name | C9: Joining Date | D9: Location | E9: Department | F9: Position | G9: App Line Manager | H9: Objectives and Competency Score | I9: Objectives Score | J9: Overall Competency Score | K9: Perforamnce Zone | L9: Potential zone | M9: Grid Zone
A10: 31260 | B10: Abdulaziz Abdullah Abdulaziz Al Zehairi | C10: =_xlfn.XLOOKUP(A10,Table8[Employee Number],Table8[Joining Date],"") -> 29/12/2021 | D10: MMS KSA | E10: Admin | F10: Runner Driver | G10: Abdulmohsen Ibrahim Hamad Almubadel | H10: =AVERAGE(J10,I10) -> 5 | I10: 5 | J10: 5 | K10: =IF(H10="","", IF(OR(H10="NR",H10="NA"),"NA", IF(H10<$I$3,$H$3, IF(H10<$I$4,$H$4,$H$5) ))) -> High | L10: =IF(J10="","", IF(OR(J10="NR",J10="NA"),"NA", IF(J10<$L$3,$K$3, IF(J10<$L$4,$K$4,$K$5) ))) -> High | M10: =IF(OR(K10="",L10=""),"", IF(AND(K10=$H$5,L10=$K$5),"3C", IF(AND(K10=$H$4,L10=$K$5),"3B", IF(AND(K10=$H$3,L10=$K$5),"3A", IF(AND(K10=$H$5,L10=$K$4),"2C", IF(AND(K10=$H$4,L10=$K$4),"2B", IF(AND(K10=$H$3,L10=$K$4),"2A", IF(AND(K10=$H$5,L10=$K$3),"1C", IF(AND(K10=$H$4,L10=$K$3),"1B", IF(AND(K10=$H$3,L10=$K$3),"1A","") ))))))))) -> 3C
A11: 4756 | B11: Abdulkader Abbasbhai Sukhsarwala | C11: =_xlfn.XLOOKUP(A11,Table8[Employee Number],Table8[Joining Date],"") -> 01/01/2021 | D11: MMS UAE | E11: Client Growth | F11: Senior Digital Yield Analyst | G11: Joey Joseph Feghaly | H11: =AVERAGE(J11,I11) -> 4.1 | I11: 4.4 | J11: 3.8 | K11: =IF(H11="","", IF(OR(H11="NR",H11="NA"),"NA", IF(H11<$I$3,$H$3, IF(H11<$I$4,$H$4,$H$5) ))) -> Average | L11: =IF(J11="","", IF(OR(J11="NR",J11="NA"),"NA", IF(J11<$L$3,$K$3, IF(J11<$L$4,$K$4,$K$5) ))) -> Medium | M11: =IF(OR(K11="",L11=""),"", IF(AND(K11=$H$5,L11=$K$5),"3C", IF(AND(K11=$H$4,L11=$K$5),"3B", IF(AND(K11=$H$3,L11=$K$5),"3A", IF(AND(K11=$H$5,L11=$K$4),"2C", IF(AND(K11=$H$4,L11=$K$4),"2B", IF(AND(K11=$H$3,L11=$K$4),"2A", IF(AND(K11=$H$5,L11=$K$3),"1C", IF(AND(K11=$H$4,L11=$K$3),"1B", IF(AND(K11=$H$3,L11=$K$3),"1A","") ))))))))) -> 2B
A12: 48121 | B12: Abdullah Mohammed Abutaleb | C12: =_xlfn.XLOOKUP(A12,Table8[Employee Number],Table8[Joining Date],"") -> 25/09/2023 | D12: MMS KSA | E12: Marketing | F12: Marketing Manager | G12: Layal Takieddine | H12: =AVERAGE(J12,I12) -> 3.55 | I12: 3.3 | J12: 3.8 | K12: =IF(H12="","", IF(OR(H12="NR",H12="NA"),"NA", IF(H12<$I$3,$H$3, IF(H12<$I$4,$H$4,$H$5) ))) -> Average | L12: =IF(J12="","", IF(OR(J12="NR",J12="NA"),"NA", IF(J12<$L$3,$K$3, IF(J12<$L$4,$K$4,$K$5) ))) -> Medium | M12: =IF(OR(K12="",L12=""),"", IF(AND(K12=$H$5,L12=$K$5),"3C", IF(AND(K12=$H$4,L12=$K$5),"3B", IF(AND(K12=$H$3,L12=$K$5),"3A", IF(AND(K12=$H$5,L12=$K$4),"2C", IF(AND(K12=$H$4,L12=$K$4),"2B", IF(AND(K12=$H$3,L12=$K$4),"2A", IF(AND(K12=$H$5,L12=$K$3),"1C", IF(AND(K12=$H$4,L12=$K$3),"1B", IF(AND(K12=$H$3,L12=$K$3),"1A","") ))))))))) -> 2B
A13: 10848 | B13: Abir Kharsa | C13: =_xlfn.XLOOKUP(A13,Table8[Employee Number],Table8[Joining Date],"") -> 16/05/2021 | D13: MMS UAE | E13: Traffic | F13: Senior Traffic Executive | G13: Ahmed M M Omran | H13: =AVERAGE(J13,I13) -> 4.75 | I13: 4.8 | J13: 4.7 | K13: =IF(H13="","", IF(OR(H13="NR",H13="NA"),"NA", IF(H13<$I$3,$H$3, IF(H13<$I$4,$H$4,$H$5) ))) -> High | L13: =IF(J13="","", IF(OR(J13="NR",J13="NA"),"NA", IF(J13<$L$3,$K$3, IF(J13<$L$4,$K$4,$K$5) ))) -> High | M13: =IF(OR(K13="",L13=""),"", IF(AND(K13=$H$5,L13=$K$5),"3C", IF(AND(K13=$H$4,L13=$K$5),"3B", IF(AND(K13=$H$3,L13=$K$5),"3A", IF(AND(K13=$H$5,L13=$K$4),"2C", IF(AND(K13=$H$4,L13=$K$4),"2B", IF(AND(K13=$H$3,L13=$K$4),"2A", IF(AND(K13=$H$5,L13=$K$3),"1C", IF(AND(K13=$H$4,L13=$K$3),"1B", IF(AND(K13=$H$3,L13=$K$3),"1A","") ))))))))) -> 3C
A14: 6557 | B14: Adel Mohamed Adeeb Abou Elnasr Mohamed | C14: =_xlfn.XLOOKUP(A14,Table8[Employee Number],Table8[Joining Date],"") -> 01/06/2022 | D14: MMS Egypt | E14: Agency Partnerships | F14: Client Service Senior Supervisor | G14: Mahmoud Mohamed Mahmoud Gomaa | H14: =AVERAGE(J14,I14) -> 4.15 | I14: 4 | J14: 4.3 | K14: =IF(H14="","", IF(OR(H14="NR",H14="NA"),"NA", IF(H14<$I$3,$H$3, IF(H14<$I$4,$H$4,$H$5) ))) -> Average | L14: =IF(J14="","", IF(OR(J14="NR",J14="NA"),"NA", IF(J14<$L$3,$K$3, IF(J14<$L$4,$K$4,$K$5) ))) -> Medium | M14: =IF(OR(K14="",L14=""),"", IF(AND(K14=$H$5,L14=$K$5),"3C", IF(AND(K14=$H$4,L14=$K$5),"3B", IF(AND(K14=$H$3,L14=$K$5),"3A", IF(AND(K14=$H$5,L14=$K$4),"2C", IF(AND(K14=$H$4,L14=$K$4),"2B", IF(AND(K14=$H$3,L14=$K$4),"2A", IF(AND(K14=$H$5,L14=$K$3),"1C", IF(AND(K14=$H$4,L14=$K$3),"1B", IF(AND(K14=$H$3,L14=$K$3),"1A","") ))))))))) -> 2B
A15: 4984 | B15: Adriana Nicolas Khater Verdin | C15: =_xlfn.XLOOKUP(A15,Table8[Employee Number],Table8[Joining Date],"") -> 24/11/2020 | D15: MMS UAE | E15: Content Solutions | F15: Content Solutions Senior Executive | G15: Samantha Rose Coutinho | H15: =AVERAGE(J15,I15) -> 5 | I15: 5 | J15: 5 | K15: =IF(H15="","", IF(OR(H15="NR",H15="NA"),"NA", IF(H15<$I$3,$H$3, IF(H15<$I$4,$H$4,$H$5) ))) -> High | L15: =IF(J15="","", IF(OR(J15="NR",J15="NA"),"NA", IF(J15<$L$3,$K$3, IF(J15<$L$4,$K$4,$K$5) ))) -> High | M15: =IF(OR(K15="",L15=""),"", IF(AND(K15=$H$5,L15=$K$5),"3C", IF(AND(K15=$H$4,L15=$K$5),"3B", IF(AND(K15=$H$3,L15=$K$5),"3A", IF(AND(K15=$H$5,L15=$K$4),"2C", IF(AND(K15=$H$4,L15=$K$4),"2B", IF(AND(K15=$H$3,L15=$K$4),"2A", IF(AND(K15=$H$5,L15=$K$3),"1C", IF(AND(K15=$H$4,L15=$K$3),"1B", IF(AND(K15=$H$3,L15=$K$3),"1A","") ))))))))) -> 3C
A16: 10115 | B16: Ahmed M M Omran | C16: =_xlfn.XLOOKUP(A16,Table8[Employee Number],Table8[Joining Date],"") -> 01/06/2022 | D16: MMS UAE | E16: Traffic | F16: Senior Traffic Manager | G16: Meriem Kettani | H16: =AVERAGE(J16,I16) -> 3.8 | I16: 3.6 | J16: 4 | K16: =IF(H16="","", IF(OR(H16="NR",H16="NA"),"NA", IF(H16<$I$3,$H$3, IF(H16<$I$4,$H$4,$H$5) ))) -> Average | L16: =IF(J16="","", IF(OR(J16="NR",J16="NA"),"NA", IF(J16<$L$3,$K$3, IF(J16<$L$4,$K$4,$K$5) ))) -> Medium | M16: =IF(OR(K16="",L16=""),"", IF(AND(K16=$H$5,L16=$K$5),"3C", IF(AND(K16=$H$4,L16=$K$5),"3B", IF(AND(K16=$H$3,L16=$K$5),"3A", IF(AND(K16=$H$5,L16=$K$4),"2C", IF(AND(K16=$H$4,L16=$K$4),"2B", IF(AND(K16=$H$3,L16=$K$4),"2A", IF(AND(K16=$H$5,L16=$K$3),"1C", IF(AND(K16=$H$4,L16=$K$3),"1B", IF(AND(K16=$H$3,L16=$K$3),"1A","") ))))))))) -> 2B
A17: 48322 | B17: Ahmed abdelhady abdelhady mohamed Elshorbagy | C17: =_xlfn.XLOOKUP(A17,Table8[Employee Number],Table8[Joining Date],"") -> 01/12/2023 | D17: MMS Egypt | E17: Agency Partnerships | F17: Sales Supervisor | G17: Ahmed Hamed Ibrahim kamel | H17: =AVERAGE(J17,I17) -> 3.85 | I17: 4 | J17: 3.7 | K17: =IF(H17="","", IF(OR(H17="NR",H17="NA"),"NA", IF(H17<$I$3,$H$3, IF(H17<$I$4,$H$4,$H$5) ))) -> Average | L17: =IF(J17="","", IF(OR(J17="NR",J17="NA"),"NA", IF(J17<$L$3,$K$3, IF(J17<$L$4,$K$4,$K$5) ))) -> Medium | M17: =IF(OR(K17="",L17=""),"", IF(AND(K17=$H$5,L17=$K$5),"3C", IF(AND(K17=$H$4,L17=$K$5),"3B", IF(AND(K17=$H$3,L17=$K$5),"3A", IF(AND(K17=$H$5,L17=$K$4),"2C", IF(AND(K17=$H$4,L17=$K$4),"2B", IF(AND(K17=$H$3,L17=$K$4),"2A", IF(AND(K17=$H$5,L17=$K$3),"1C", IF(AND(K17=$H$4,L17=$K$3),"1B", IF(AND(K17=$H$3,L17=$K$3),"1A","") ))))))))) -> 2B
A18: 6572 | B18: Ahmed Awny Hamza El Kalaf | C18: =_xlfn.XLOOKUP(A18,Table8[Employee Number],Table8[Joining Date],"") -> 01/06/2022 | D18: MMS Egypt | E18: Finance | F18: Senior Finance Manager | G18: George George | H18: =AVERAGE(J18,I18) -> 3.5 | I18: 3.5 | J18: 3.5 | K18: =IF(H18="","", IF(OR(H18="NR",H18="NA"),"NA", IF(H18<$I$3,$H$3, IF(H18<$I$4,$H$4,$H$5) ))) -> Average | L18: =IF(J18="","", IF(OR(J18="NR",J18="NA"),"NA", IF(J18<$L$3,$K$3, IF(J18<$L$4,$K$4,$K$5) ))) -> Medium | M18: =IF(OR(K18="",L18=""),"", IF(AND(K18=$H$5,L18=$K$5),"3C", IF(AND(K18=$H$4,L18=$K$5),"3B", IF(AND(K18=$H$3,L18=$K$5),"3A", IF(AND(K18=$H$5,L18=$K$4),"2C", IF(AND(K18=$H$4,L18=$K$4),"2B", IF(AND(K18=$H$3,L18=$K$4),"2A", IF(AND(K18=$H$5,L18=$K$3),"1C", IF(AND(K18=$H$4,L18=$K$3),"1B", IF(AND(K18=$H$3,L18=$K$3),"1A","") ))))))))) -> 2B
A19: 6609 | B19: Ahmed Hamed Ibrahim kamel | C19: =_xlfn.XLOOKUP(A19,Table8[Employee Number],Table8[Joining Date],"") -> 01/06/2022 | D19: MMS Egypt | E19: Agency Partnerships | F19: Sales Director | G19: Mohamed Elsaeed Soliman Hamza | H19: =AVERAGE(J19,I19) -> 4 | I19: 4.3 | J19: 3.7 | K19: =IF(H19="","", IF(OR(H19="NR",H19="NA"),"NA", IF(H19<$I$3,$H$3, IF(H19<$I$4,$H$4,$H$5) ))) -> Average | L19: =IF(J19="","", IF(OR(J19="NR",J19="NA"),"NA", IF(J19<$L$3,$K$3, IF(J19<$L$4,$K$4,$K$5) ))) -> Medium | M19: =IF(OR(K19="",L19=""),"", IF(AND(K19=$H$5,L19=$K$5),"3C", IF(AND(K19=$H$4,L19=$K$5),"3B", IF(AND(K19=$H$3,L19=$K$5),"3A", IF(AND(K19=$H$5,L19=$K$4),"2C", IF(AND(K19=$H$4,L19=$K$4),"2B", IF(AND(K19=$H$3,L19=$K$4),"2A", IF(AND(K19=$H$5,L19=$K$3),"1C", IF(AND(K19=$H$4,L19=$K$3),"1B", IF(AND(K19=$H$3,L19=$K$3),"1A","") ))))))))) -> 2B
A20: 10853 | B20: Ahmed Mohamed Samir Abdelaziz Alazrak | C20: =_xlfn.XLOOKUP(A20,Table8[Employee Number],Table8[Joining Date],"") -> 04/07/2021 | D20: MMS UAE | E20: Finance | F20: Treasury Supervisor | G20: Salem Khader Masood | H20: =AVERAGE(J20,I20) -> 4 | I20: 4 | J20: 4 | K20: =IF(H20="","", IF(OR(H20="NR",H20="NA"),"NA", IF(H20<$I$3,$H$3, IF(H20<$I$4,$H$4,$H$5) ))) -> Average | L20: =IF(J20="","", IF(OR(J20="NR",J20="NA"),"NA", IF(J20<$L$3,$K$3, IF(J20<$L$4,$K$4,$K$5) ))) -> Medium | M20: =IF(OR(K20="",L20=""),"", IF(AND(K20=$H$5,L20=$K$5),"3C", IF(AND(K20=$H$4,L20=$K$5),"3B", IF(AND(K20=$H$3,L20=$K$5),"3A", IF(AND(K20=$H$5,L20=$K$4),"2C", IF(AND(K20=$H$4,L20=$K$4),"2B", IF(AND(K20=$H$3,L20=$K$4),"2A", IF(AND(K20=$H$5,L20=$K$3),"1C", IF(AND(K20=$H$4,L20=$K$3),"1B", IF(AND(K20=$H$3,L20=$K$3),"1A","") ))))))))) -> 2B
A21: 49223 | B21: Ahmed Mohammed Eldabbagh | C21: =_xlfn.XLOOKUP(A21,Table8[Employee Number],Table8[Joining Date],"") -> 05/05/2024 | D21: MMS KSA | E21: Research | F21: Integrated Planning Senior Executive | G21: Sherif Khalid Hassan Samak | H21: =AVERAGE(J21,I21) -> 4.25 | I21: 4.5 | J21: 4 | K21: =IF(H21="","", IF(OR(H21="NR",H21="NA"),"NA", IF(H21<$I$3,$H$3, IF(H21<$I$4,$H$4,$H$5) ))) -> Average | L21: =IF(J21="","", IF(OR(J21="NR",J21="NA"),"NA", IF(J21<$L$3,$K$3, IF(J21<$L$4,$K$4,$K$5) ))) -> Medium | M21: =IF(OR(K21="",L21=""),"", IF(AND(K21=$H$5,L21=$K$5),"3C", IF(AND(K21=$H$4,L21=$K$5),"3B", IF(AND(K21=$H$3,L21=$K$5),"3A", IF(AND(K21=$H$5,L21=$K$4),"2C", IF(AND(K21=$H$4,L21=$K$4),"2B", IF(AND(K21=$H$3,L21=$K$4),"2A", IF(AND(K21=$H$5,L21=$K$3),"1C", IF(AND(K21=$H$4,L21=$K$3),"1B", IF(AND(K21=$H$3,L21=$K$3),"1A","") ))))))))) -> 2B
... A27: 47437 | B27: Ali Imad Younes | C27: =_xlfn.XLOOKUP(A27,Table8[Employee Number],Table8[Joining Date],"") -> 27/03/2023 | D27: MMS UAE | E27: Content Solutions | F27: Content Solutions Senior Executive | G27: Mohamad Toufic Ramadan | H27: =AVERAGE(J27,I27) -> 3.75 | I27: 3.8 | J27: 3.7 | K27: =IF(H27="","", IF(OR(H27="NR",H27="NA"),"NA", IF(H27<$I$3,$H$3, IF(H27<$I$4,$H$4,$H$5) ))) -> Average | L27: =IF(J27="","", IF(OR(J27="NR",J27="NA"),"NA", IF(J27<$L$3,$K$3, IF(J27<$L$4,$K$4,$K$5) ))) -> Medium | M27: =IF(OR(K27="",L27=""),"", IF(AND(K27=$H$5,L27=$K$5),"3C", IF(AND(K27=$H$4,L27=$K$5),"3B", IF(AND(K27=$H$3,L27=$K$5),"3A", IF(AND(K27=$H$5,L27=$K$4),"2C", IF(AND(K27=$H$4,L27=$K$4),"2B", IF(AND(K27=$H$3,L27=$K$4),"2A", IF(AND(K27=$H$5,L27=$K$3),"1C", IF(AND(K27=$H$4,L27=$K$3),"1B", IF(AND(K27=$H$3,L27=$K$3),"1A","") ))))))))) -> 2B
A28: 48064 | B28: Ali Salam Ahmed Ahmed | C28: =_xlfn.XLOOKUP(A28,Table8[Employee Number],Table8[Joining Date],"") -> 04/09/2023 | D28: MMS UAE | E28: Client Growth | F28: Client Growth Lead | G28: Hani Maurice Ghorayeb | H28: NA | I28: NA | J28: NA | K28: =IF(H28="","", IF(OR(H28="NR",H28="NA"),"NA", IF(H28<$I$3,$H$3, IF(H28<$I$4,$H$4,$H$5) ))) -> NA | L28: =IF(J28="","", IF(OR(J28="NR",J28="NA"),"NA", IF(J28<$L$3,$K$3, IF(J28<$L$4,$K$4,$K$5) ))) -> NA | M28: =IF(OR(K28="",L28=""),"", IF(AND(K28=$H$5,L28=$K$5),"3C", IF(AND(K28=$H$4,L28=$K$5),"3B", IF(AND(K28=$H$3,L28=$K$5),"3A", IF(AND(K28=$H$5,L28=$K$4),"2C", IF(AND(K28=$H$4,L28=$K$4),"2B", IF(AND(K28=$H$3,L28=$K$4),"2A", IF(AND(K28=$H$5,L28=$K$3),"1C", IF(AND(K28=$H$4,L28=$K$3),"1B", IF(AND(K28=$H$3,L28=$K$3),"1A","") )))))))))
A29: 6571 | B29: Alsayed Abo Bakr Abdelhay Abdullah | C29: =_xlfn.XLOOKUP(A29,Table8[Employee Number],Table8[Joining Date],"") -> 01/06/2022 | D29: MMS Egypt | E29: Traffic | F29: Traffic Supervisor | G29: Tarek Mohamed Lotfy Adel Eldeeb | H29: =AVERAGE(J29,I29) -> 3.55 | I29: 3.6 | J29: 3.5 | K29: =IF(H29="","", IF(OR(H29="NR",H29="NA"),"NA", IF(H29<$I$3,$H$3, IF(H29<$I$4,$H$4,$H$5) ))) -> Average | L29: =IF(J29="","", IF(OR(J29="NR",J29="NA"),"NA", IF(J29<$L$3,$K$3, IF(J29<$L$4,$K$4,$K$5) ))) -> Medium | M29: =IF(OR(K29="",L29=""),"", IF(AND(K29=$H$5,L29=$K$5),"3C", IF(AND(K29=$H$4,L29=$K$5),"3B", IF(AND(K29=$H$3,L29=$K$5),"3A", IF(AND(K29=$H$5,L29=$K$4),"2C", IF(AND(K29=$H$4,L29=$K$4),"2B", IF(AND(K29=$H$3,L29=$K$4),"2A", IF(AND(K29=$H$5,L29=$K$3),"1C", IF(AND(K29=$H$4,L29=$K$3),"1B", IF(AND(K29=$H$3,L29=$K$3),"1A","") ))))))))) -> 2B
A30: 6552 | B30: Amira Mohamed Ali Soliman Soltan | C30: =_xlfn.XLOOKUP(A30,Table8[Employee Number],Table8[Joining Date],"") -> 01/06/2022 | D30: MMS Egypt | E30: Agency Partnerships | F30: Sales Manager | G30: Mohamed Ahmed Hassan Nasr | H30: =AVERAGE(J30,I30) -> 4.15 | I30: 4.3 | J30: 4 | K30: =IF(H30="","", IF(OR(H30="NR",H30="NA"),"NA", IF(H30<$I$3,$H$3, IF(H30<$I$4,$H$4,$H$5) ))) -> Average | L30: =IF(J30="","", IF(OR(J30="NR",J30="NA"),"NA", IF(J30<$L$3,$K$3, IF(J30<$L$4,$K$4,$K$5) ))) -> Medium | M30: =IF(OR(K30="",L30=""),"", IF(AND(K30=$H$5,L30=$K$5),"3C", IF(AND(K30=$H$4,L30=$K$5),"3B", IF(AND(K30=$H$3,L30=$K$5),"3A", IF(AND(K30=$H$5,L30=$K$4),"2C", IF(AND(K30=$H$4,L30=$K$4),"2B", IF(AND(K30=$H$3,L30=$K$4),"2A", IF(AND(K30=$H$5,L30=$K$3),"1C", IF(AND(K30=$H$4,L30=$K$3),"1B", IF(AND(K30=$H$3,L30=$K$3),"1A","") ))))))))) -> 2B
A31: 31257 | B31: Ammar Sami Hassan Subki | C31: =_xlfn.XLOOKUP(A31,Table8[Employee Number],Table8[Joining Date],"") -> 01/11/2021 | D31: MMS KSA | E31: HR | F31: Head of HR and Admin Services | G31: Meriem Kettani | H31: =AVERAGE(J31,I31) -> 4.6 | I31: 4.7 | J31: 4.5 | K31: =IF(H31="","", IF(OR(H31="NR",H31="NA"),"NA", IF(H31<$I$3,$H$3, IF(H31<$I$4,$H$4,$H$5) ))) -> High | L31: =IF(J31="","", IF(OR(J31="NR",J31="NA"),"NA", IF(J31<$L$3,$K$3, IF(J31<$L$4,$K$4,$K$5) ))) -> High | M31: =IF(OR(K31="",L31=""),"", IF(AND(K31=$H$5,L31=$K$5),"3C", IF(AND(K31=$H$4,L31=$K$5),"3B", IF(AND(K31=$H$3,L31=$K$5),"3A", IF(AND(K31=$H$5,L31=$K$4),"2C", IF(AND(K31=$H$4,L31=$K$4),"2B", IF(AND(K31=$H$3,L31=$K$4),"2A", IF(AND(K31=$H$5,L31=$K$3),"1C", IF(AND(K31=$H$4,L31=$K$3),"1B", IF(AND(K31=$H$3,L31=$K$3),"1A","") ))))))))) -> 3C
A32: 6614 | B32: Amr Reda Amer Ghoniem | C32: =_xlfn.XLOOKUP(A32,Table8[Employee Number],Table8[Joining Date],"") -> 01/06/2022 | D32: MMS Egypt | E32: Admin | F32: Office Boy | G32: Al Shaimaa Mohamed Mohamed Sadek Alshoura | H32: =AVERAGE(J32,I32) -> 3 | I32: 3 | J32: 3 | K32: =IF(H32="","", IF(OR(H32="NR",H32="NA"),"NA", IF(H32<$I$3,$H$3, IF(H32<$I$4,$H$4,$H$5) ))) -> Poor | L32: =IF(J32="","", IF(OR(J32="NR",J32="NA"),"NA", IF(J32<$L$3,$K$3, IF(J32<$L$4,$K$4,$K$5) ))) -> Medium | M32: =IF(OR(K32="",L32=""),"", IF(AND(K32=$H$5,L32=$K$5),"3C", IF(AND(K32=$H$4,L32=$K$5),"3B", IF(AND(K32=$H$3,L32=$K$5),"3A", IF(AND(K32=$H$5,L32=$K$4),"2C", IF(AND(K32=$H$4,L32=$K$4),"2B", IF(AND(K32=$H$3,L32=$K$4),"2A", IF(AND(K32=$H$5,L32=$K$3),"1C", IF(AND(K32=$H$4,L32=$K$3),"1B", IF(AND(K32=$H$3,L32=$K$3),"1A","") ))))))))) -> 2A
A33: 10845 | B33: Angelica Villena | C33: =_xlfn.XLOOKUP(A33,Table8[Employee Number],Table8[Joining Date],"") -> 11/04/2021 | D33: MMS UAE | E33: Traffic | F33: Senior Traffic Operations | G33: Ahmed M M Omran | H33: =AVERAGE(J33,I33) -> 4.65 | I33: 4.6 | J33: 4.7 | K33: =IF(H33="","", IF(OR(H33="NR",H33="NA"),"NA", IF(H33<$I$3,$H$3, IF(H33<$I$4,$H$4,$H$5) ))) -> High | L33: =IF(J33="","", IF(OR(J33="NR",J33="NA"),"NA", IF(J33<$L$3,$K$3, IF(J33<$L$4,$K$4,$K$5) ))) -> High | M33: =IF(OR(K33="",L33=""),"", IF(AND(K33=$H$5,L33=$K$5),"3C", IF(AND(K33=$H$4,L33=$K$5),"3B", IF(AND(K33=$H$3,L33=$K$5),"3A", IF(AND(K33=$H$5,L33=$K$4),"2C", IF(AND(K33=$H$4,L33=$K$4),"2B", IF(AND(K33=$H$3,L33=$K$4),"2A", IF(AND(K33=$H$5,L33=$K$3),"1C", IF(AND(K33=$H$4,L33=$K$3),"1B", IF(AND(K33=$H$3,L33=$K$3),"1A","") ))))))))) -> 3C
A34: 10312 | B34: Arlene Belleza Patrimonio | C34: =_xlfn.XLOOKUP(A34,Table8[Employee Number],Table8[Joining Date],"") -> 06/12/2020 | D34: MMS UAE | E34: Traffic | F34: Senior Traffic Executive | G34: Ahmed M M Omran | H34: =AVERAGE(J34,I34) -> 4 | I34: 4 | J34: 4 | K34: =IF(H34="","", IF(OR(H34="NR",H34="NA"),"NA", IF(H34<$I$3,$H$3, IF(H34<$I$4,$H$4,$H$5) ))) -> Average | L34: =IF(J34="","", IF(OR(J34="NR",J34="NA"),"NA", IF(J34<$L$3,$K$3, IF(J34<$L$4,$K$4,$K$5) ))) -> Medium | M34: =IF(OR(K34="",L34=""),"", IF(AND(K34=$H$5,L34=$K$5),"3C", IF(AND(K34=$H$4,L34=$K$5),"3B", IF(AND(K34=$H$3,L34=$K$5),"3A", IF(AND(K34=$H$5,L34=$K$4),"2C", IF(AND(K34=$H$4,L34=$K$4),"2B", IF(AND(K34=$H$3,L34=$K$4),"2A", IF(AND(K34=$H$5,L34=$K$3),"1C", IF(AND(K34=$H$4,L34=$K$3),"1B", IF(AND(K34=$H$3,L34=$K$3),"1A","") ))))))))) -> 2B
A35: 31254 | B35: Assaad Boujawdeh | C35: =_xlfn.XLOOKUP(A35,Table8[Employee Number],Table8[Joining Date],"") -> 19/09/2021 | D35: MMS KSA | E35: Client Growth | F35: Client Growth Senior Manager | G35: Ronald Emile Sawaya | H35: =AVERAGE(J35,I35) -> 3.6 | I35: 3.4 | J35: 3.8 | K35: =IF(H35="","", IF(OR(H35="NR",H35="NA"),"NA", IF(H35<$I$3,$H$3, IF(H35<$I$4,$H$4,$H$5) ))) -> Average | L35: =IF(J35="","", IF(OR(J35="NR",J35="NA"),"NA", IF(J35<$L$3,$K$3, IF(J35<$L$4,$K$4,$K$5) ))) -> Medium | M35: =IF(OR(K35="",L35=""),"", IF(AND(K35=$H$5,L35=$K$5),"3C", IF(AND(K35=$H$4,L35=$K$5),"3B", IF(AND(K35=$H$3,L35=$K$5),"3A", IF(AND(K35=$H$5,L35=$K$4),"2C", IF(AND(K35=$H$4,L35=$K$4),"2B", IF(AND(K35=$H$3,L35=$K$4),"2A", IF(AND(K35=$H$5,L35=$K$3),"1C", IF(AND(K35=$H$4,L35=$K$3),"1B", IF(AND(K35=$H$3,L35=$K$3),"1A","") ))))))))) -> 2B
A36: 47611 | B36: Cecille Ponsica Mago | C36: =_xlfn.XLOOKUP(A36,Table8[Employee Number],Table8[Joining Date],"") -> 28/08/2023 | D36: MMS UAE | E36: Admin | F36: Office Attendant | G36: Samantha Rose Coutinho | H36: =AVERAGE(J36,I36) -> 4.75 | I36: 5 | J36: 4.5 | K36: =IF(H36="","", IF(OR(H36="NR",H36="NA"),"NA", IF(H36<$I$3,$H$3, IF(H36<$I$4,$H$4,$H$5) ))) -> High | L36: =IF(J36="","", IF(OR(J36="NR",J36="NA"),"NA", IF(J36<$L$3,$K$3, IF(J36<$L$4,$K$4,$K$5) ))) -> High | M36: =IF(OR(K36="",L36=""),"", IF(AND(K36=$H$5,L36=$K$5),"3C", IF(AND(K36=$H$4,L36=$K$5),"3B", IF(AND(K36=$H$3,L36=$K$5),"3A", IF(AND(K36=$H$5,L36=$K$4),"2C", IF(AND(K36=$H$4,L36=$K$4),"2B", IF(AND(K36=$H$3,L36=$K$4),"2A", IF(AND(K36=$H$5,L36=$K$3),"1C", IF(AND(K36=$H$4,L36=$K$3),"1B", IF(AND(K36=$H$3,L36=$K$3),"1A","") ))))))))) -> 3C
A37: 4363 | B37: Claire Kabbani | C37: =_xlfn.XLOOKUP(A37,Table8[Employee Number],Table8[Joining Date],"") -> 01/01/2021 | D37: MMS UAE | E37: Client Growth | F37: Client Growth Manager | G37: Latifa Hamza Mohamed Shareef A Rahman Al Janahi | H37: =AVERAGE(J37,I37) -> 4.9 | I37: 5 | J37: 4.8 | K37: =IF(H37="","", IF(OR(H37="NR",H37="NA"),"NA", IF(H37<$I$3,$H$3, IF(H37<$I$4,$H$4,$H$5) ))) -> High | L37: =IF(J37="","", IF(OR(J37="NR",J37="NA"),"NA", IF(J37<$L$3,$K$3, IF(J37<$L$4,$K$4,$K$5) ))) -> High | M37: =IF(OR(K37="",L37=""),"", IF(AND(K37=$H$5,L37=$K$5),"3C", IF(AND(K37=$H$4,L37=$K$5),"3B", IF(AND(K37=$H$3,L37=$K$5),"3A", IF(AND(K37=$H$5,L37=$K$4),"2C", IF(AND(K37=$H$4,L37=$K$4),"2B", IF(AND(K37=$H$3,L37=$K$4),"2A", IF(AND(K37=$H$5,L37=$K$3),"1C", IF(AND(K37=$H$4,L37=$K$3),"1B", IF(AND(K37=$H$3,L37=$K$3),"1A","") ))))))))) -> 3C
A38: 49623 | B38: Clifford Issac Nicholas Joseph | C38: =_xlfn.XLOOKUP(A38,Table8[Employee Number],Table8[Joining Date],"") -> 26/08/2024 | D38: MMS UAE | E38: Traffic | F38: Senior Traffic Executive - Digital | G38: Nilesh Shantaram Kadam | H38: =AVERAGE(J38,I38) -> 3.2 | I38: 3.1 | J38: 3.3 | K38: =IF(H38="","", IF(OR(H38="NR",H38="NA"),"NA", IF(H38<$I$3,$H$3, IF(H38<$I$4,$H$4,$H$5) ))) -> Poor | L38: =IF(J38="","", IF(OR(J38="NR",J38="NA"),"NA", IF(J38<$L$3,$K$3, IF(J38<$L$4,$K$4,$K$5) ))) -> Medium | M38: =IF(OR(K38="",L38=""),"", IF(AND(K38=$H$5,L38=$K$5),"3C", IF(AND(K38=$H$4,L38=$K$5),"3B", IF(AND(K38=$H$3,L38=$K$5),"3A", IF(AND(K38=$H$5,L38=$K$4),"2C", IF(AND(K38=$H$4,L38=$K$4),"2B", IF(AND(K38=$H$3,L38=$K$4),"2A", IF(AND(K38=$H$5,L38=$K$3),"1C", IF(AND(K38=$H$4,L38=$K$3),"1B", IF(AND(K38=$H$3,L38=$K$3),"1A","") ))))))))) -> 2A
A39: 49401 | B39: Dana Reda Rasmy Boraey | C39: =_xlfn.XLOOKUP(A39,Table8[Employee Number],Table8[Joining Date],"") -> 01/07/2024 | D39: MMS UAE | E39: Client Growth | F39: Client Growth Executive | G39: Jalal Hassan A Jassoma | H39: =AVERAGE(J39,I39) -> 3.85 | I39: 3.9 | J39: 3.8 | K39: =IF(H39="","", IF(OR(H39="NR",H39="NA"),"NA", IF(H39<$I$3,$H$3, IF(H39<$I$4,$H$4,$H$5) ))) -> Average | L39: =IF(J39="","", IF(OR(J39="NR",J39="NA"),"NA", IF(J39<$L$3,$K$3, IF(J39<$L$4,$K$4,$K$5) ))) -> Medium | M39: =IF(OR(K39="",L39=""),"", IF(AND(K39=$H$5,L39=$K$5),"3C", IF(AND(K39=$H$4,L39=$K$5),"3B", IF(AND(K39=$H$3,L39=$K$5),"3A", IF(AND(K39=$H$5,L39=$K$4),"2C", IF(AND(K39=$H$4,L39=$K$4),"2B", IF(AND(K39=$H$3,L39=$K$4),"2A", IF(AND(K39=$H$5,L39=$K$3),"1C", IF(AND(K39=$H$4,L39=$K$3),"1B", IF(AND(K39=$H$3,L39=$K$3),"1A","") ))))))))) -> 2B
A40: 10325 | B40: Dana Tfaili | C40: =_xlfn.XLOOKUP(A40,Table8[Employee Number],Table8[Joining Date],"") -> 01/02/2021 | D40: MMS UAE | E40: Content Solutions | F40: Content Solutions Manager | G40: Elie Tanios Raad | H40: =AVERAGE(J40,I40) -> 3.6 | I40: 3.9 | J40: 3.3 | K40: =IF(H40="","", IF(OR(H40="NR",H40="NA"),"NA", IF(H40<$I$3,$H$3, IF(H40<$I$4,$H$4,$H$5) ))) -> Average | L40: =IF(J40="","", IF(OR(J40="NR",J40="NA"),"NA", IF(J40<$L$3,$K$3, IF(J40<$L$4,$K$4,$K$5) ))) -> Medium | M40: =IF(OR(K40="",L40=""),"", IF(AND(K40=$H$5,L40=$K$5),"3C", IF(AND(K40=$H$4,L40=$K$5),"3B", IF(AND(K40=$H$3,L40=$K$5),"3A", IF(AND(K40=$H$5,L40=$K$4),"2C", IF(AND(K40=$H$4,L40=$K$4),"2B", IF(AND(K40=$H$3,L40=$K$4),"2A", IF(AND(K40=$H$5,L40=$K$3),"1C", IF(AND(K40=$H$4,L40=$K$3),"1B", IF(AND(K40=$H$3,L40=$K$3),"1A","") ))))))))) -> 2B
... A70: 10837 | B70: Jamil Kabbara | C70: =_xlfn.XLOOKUP(A70,Table8[Employee Number],Table8[Joining Date],"") -> 28/02/2021 | D70: MMS UAE | E70: Research | F70: Data Analytics Senior Manager | G70: Nadim Moussa Samara | H70: =AVERAGE(J70,I70) -> 5 | I70: 5 | J70: 5 | K70: =IF(H70="","", IF(OR(H70="NR",H70="NA"),"NA", IF(H70<$I$3,$H$3, IF(H70<$I$4,$H$4,$H$5) ))) -> High | L70: =IF(J70="","", IF(OR(J70="NR",J70="NA"),"NA", IF(J70<$L$3,$K$3, IF(J70<$L$4,$K$4,$K$5) ))) -> High | M70: =IF(OR(K70="",L70=""),"", IF(AND(K70=$H$5,L70=$K$5),"3C", IF(AND(K70=$H$4,L70=$K$5),"3B", IF(AND(K70=$H$3,L70=$K$5),"3A", IF(AND(K70=$H$5,L70=$K$4),"2C", IF(AND(K70=$H$4,L70=$K$4),"2B", IF(AND(K70=$H$3,L70=$K$4),"2A", IF(AND(K70=$H$5,L70=$K$3),"1C", IF(AND(K70=$H$4,L70=$K$3),"1B", IF(AND(K70=$H$3,L70=$K$3),"1A","") ))))))))) -> 3C
A71: 5851 | B71: Jana Tebbo | C71: =_xlfn.XLOOKUP(A71,Table8[Employee Number],Table8[Joining Date],"") -> 06/12/2020 | D71: MMS UAE | E71: Legal | F71: Senior Lawyer | G71: Nadim Moussa Samara | H71: NA | I71: NA | J71: NA | K71: =IF(H71="","", IF(OR(H71="NR",H71="NA"),"NA", IF(H71<$I$3,$H$3, IF(H71<$I$4,$H$4,$H$5) ))) -> NA | L71: =IF(J71="","", IF(OR(J71="NR",J71="NA"),"NA", IF(J71<$L$3,$K$3, IF(J71<$L$4,$K$4,$K$5) ))) -> NA | M71: =IF(OR(K71="",L71=""),"", IF(AND(K71=$H$5,L71=$K$5),"3C", IF(AND(K71=$H$4,L71=$K$5),"3B", IF(AND(K71=$H$3,L71=$K$5),"3A", IF(AND(K71=$H$5,L71=$K$4),"2C", IF(AND(K71=$H$4,L71=$K$4),"2B", IF(AND(K71=$H$3,L71=$K$4),"2A", IF(AND(K71=$H$5,L71=$K$3),"1C", IF(AND(K71=$H$4,L71=$K$3),"1B", IF(AND(K71=$H$3,L71=$K$3),"1A","") )))))))))
A72: 47610 | B72: Jerome Gallon De Layola | C72: =_xlfn.XLOOKUP(A72,Table8[Employee Number],Table8[Joining Date],"") -> 12/06/2023 | D72: MMS UAE | E72: Traffic | F72: Senior Traffic Executive - Digital | G72: Nilesh Shantaram Kadam | H72: =AVERAGE(J72,I72) -> 3.75 | I72: 3.8 | J72: 3.7 | K72: =IF(H72="","", IF(OR(H72="NR",H72="NA"),"NA", IF(H72<$I$3,$H$3, IF(H72<$I$4,$H$4,$H$5) ))) -> Average | L72: =IF(J72="","", IF(OR(J72="NR",J72="NA"),"NA", IF(J72<$L$3,$K$3, IF(J72<$L$4,$K$4,$K$5) ))) -> Medium | M72: =IF(OR(K72="",L72=""),"", IF(AND(K72=$H$5,L72=$K$5),"3C", IF(AND(K72=$H$4,L72=$K$5),"3B", IF(AND(K72=$H$3,L72=$K$5),"3A", IF(AND(K72=$H$5,L72=$K$4),"2C", IF(AND(K72=$H$4,L72=$K$4),"2B", IF(AND(K72=$H$3,L72=$K$4),"2A", IF(AND(K72=$H$5,L72=$K$3),"1C", IF(AND(K72=$H$4,L72=$K$3),"1B", IF(AND(K72=$H$3,L72=$K$3),"1A","") ))))))))) -> 2B
A73: 47624 | B73: Joey Joseph Feghaly | C73: =_xlfn.XLOOKUP(A73,Table8[Employee Number],Table8[Joining Date],"") -> 12/06/2023 | D73: MMS UAE | E73: Client Growth | F73: Shahid Growth Senior Manager | G73: Jad Wajdi Saab | H73: =AVERAGE(J73,I73) -> 4.9 | I73: 5 | J73: 4.8 | K73: =IF(H73="","", IF(OR(H73="NR",H73="NA"),"NA", IF(H73<$I$3,$H$3, IF(H73<$I$4,$H$4,$H$5) ))) -> High | L73: =IF(J73="","", IF(OR(J73="NR",J73="NA"),"NA", IF(J73<$L$3,$K$3, IF(J73<$L$4,$K$4,$K$5) ))) -> High | M73: =IF(OR(K73="",L73=""),"", IF(AND(K73=$H$5,L73=$K$5),"3C", IF(AND(K73=$H$4,L73=$K$5),"3B", IF(AND(K73=$H$3,L73=$K$5),"3A", IF(AND(K73=$H$5,L73=$K$4),"2C", IF(AND(K73=$H$4,L73=$K$4),"2B", IF(AND(K73=$H$3,L73=$K$4),"2A", IF(AND(K73=$H$5,L73=$K$3),"1C", IF(AND(K73=$H$4,L73=$K$3),"1B", IF(AND(K73=$H$3,L73=$K$3),"1A","") ))))))))) -> 3C
A74: 10313 | B74: Juel Marticho | C74: =_xlfn.XLOOKUP(A74,Table8[Employee Number],Table8[Joining Date],"") -> 25/11/2020 | D74: MMS UAE | E74: Client Growth | F74: Shahid Planning Operation Executive | G74: Jad Wajdi Saab | H74: =AVERAGE(J74,I74) -> 4.1 | I74: 4 | J74: 4.2 | K74: =IF(H74="","", IF(OR(H74="NR",H74="NA"),"NA", IF(H74<$I$3,$H$3, IF(H74<$I$4,$H$4,$H$5) ))) -> Average | L74: =IF(J74="","", IF(OR(J74="NR",J74="NA"),"NA", IF(J74<$L$3,$K$3, IF(J74<$L$4,$K$4,$K$5) ))) -> Medium | M74: =IF(OR(K74="",L74=""),"", IF(AND(K74=$H$5,L74=$K$5),"3C", IF(AND(K74=$H$4,L74=$K$5),"3B", IF(AND(K74=$H$3,L74=$K$5),"3A", IF(AND(K74=$H$5,L74=$K$4),"2C", IF(AND(K74=$H$4,L74=$K$4),"2B", IF(AND(K74=$H$3,L74=$K$4),"2A", IF(AND(K74=$H$5,L74=$K$3),"1C", IF(AND(K74=$H$4,L74=$K$3),"1B", IF(AND(K74=$H$3,L74=$K$3),"1A","") ))))))))) -> 2B
A75: 10867 | B75: Jyoti Kanda | C75: =_xlfn.XLOOKUP(A75,Table8[Employee Number],Table8[Joining Date],"") -> 23/02/2022 | D75: MMS UAE | E75: Finance | F75: Director of Commercial Finance | G75: Meriem Kettani | H75: =AVERAGE(J75,I75) -> 3.75 | I75: 3.8 | J75: 3.7 | K75: =IF(H75="","", IF(OR(H75="NR",H75="NA"),"NA", IF(H75<$I$3,$H$3, IF(H75<$I$4,$H$4,$H$5) ))) -> Average | L75: =IF(J75="","", IF(OR(J75="NR",J75="NA"),"NA", IF(J75<$L$3,$K$3, IF(J75<$L$4,$K$4,$K$5) ))) -> Medium | M75: =IF(OR(K75="",L75=""),"", IF(AND(K75=$H$5,L75=$K$5),"3C", IF(AND(K75=$H$4,L75=$K$5),"3B", IF(AND(K75=$H$3,L75=$K$5),"3A", IF(AND(K75=$H$5,L75=$K$4),"2C", IF(AND(K75=$H$4,L75=$K$4),"2B", IF(AND(K75=$H$3,L75=$K$4),"2A", IF(AND(K75=$H$5,L75=$K$3),"1C", IF(AND(K75=$H$4,L75=$K$3),"1B", IF(AND(K75=$H$3,L75=$K$3),"1A","") ))))))))) -> 2B
